/*
 Navicat Premium Data Transfer

 Source Server         : aliyunmes
 Source Server Type    : MySQL
 Source Server Version : 80016
 Source Host           : rm-8vb0sazu4d9g0u290eo.mysql.zhangbei.rds.aliyuncs.com:3306
 Source Schema         : sparchetype

 Target Server Type    : MySQL
 Target Server Version : 80016
 File Encoding         : 65001

 Date: 21/07/2020 08:56:18
*/

SET NAMES utf8mb4;
SET FOREIGN_KEY_CHECKS = 0;
SET SQL_SAFE_UPDATES = 0;

-- ----------------------------
-- Table structure for sp_bom
-- ----------------------------
DROP TABLE IF EXISTS `sp_bom`;
CREATE TABLE `sp_bom`  (
  `id` varchar(64) CHARACTER SET utf8mb4 COLLATE utf8mb4_0900_ai_ci NOT NULL COMMENT 'дё»й”®id',
  `bom_code` varchar(255) CHARACTER SET utf8mb4 COLLATE utf8mb4_0900_ai_ci NULL DEFAULT NULL COMMENT 'bomзј–еҸ·',
  `materiel_code` varchar(255) CHARACTER SET utf8mb4 COLLATE utf8mb4_0900_ai_ci NULL DEFAULT NULL COMMENT 'зү©ж–ҷID',
  `materiel_desc` varchar(255) CHARACTER SET utf8mb4 COLLATE utf8mb4_0900_ai_ci NULL DEFAULT NULL COMMENT 'зү©ж–ҷжҸҸиҝ°',
  `remark` varchar(255) CHARACTER SET utf8mb4 COLLATE utf8mb4_0900_ai_ci NULL DEFAULT NULL COMMENT 'еӨҮжіЁ',
  `version_number` varchar(255) CHARACTER SET utf8mb4 COLLATE utf8mb4_0900_ai_ci NULL DEFAULT NULL COMMENT 'зүҲжң¬еҸ·',
  `state` varchar(255) CHARACTER SET utf8mb4 COLLATE utf8mb4_0900_ai_ci NULL DEFAULT NULL COMMENT 'BOMзҠ¶жҖҒ creatеҲӣе»ә passе®Ўж ёйҖҡиҝҮ ',
  `factory` varchar(255) CHARACTER SET utf8mb4 COLLATE utf8mb4_0900_ai_ci NULL DEFAULT NULL COMMENT 'е·ҘеҺӮ',
  `is_deleted` varchar(2) CHARACTER SET utf8mb4 COLLATE utf8mb4_0900_ai_ci NOT NULL COMMENT 'йҖ»иҫ‘еҲ йҷӨпјҡ1 иЎЁзӨәеҲ йҷӨпјҢ0 иЎЁзӨәжңӘеҲ йҷӨпјҢ2 иЎЁзӨәзҰҒз”Ё',
  `create_time` datetime(0) NOT NULL COMMENT 'еҲӣе»әж—¶й—ҙ',
  `create_username` varchar(64) CHARACTER SET utf8mb4 COLLATE utf8mb4_0900_ai_ci NOT NULL COMMENT 'еҲӣе»әдәә',
  `update_time` datetime(0) NOT NULL COMMENT 'жңҖеҗҺжӣҙж–°ж—¶й—ҙ',
  `update_username` varchar(64) CHARACTER SET utf8mb4 COLLATE utf8mb4_0900_ai_ci NOT NULL COMMENT 'жңҖеҗҺжӣҙж–°дәә',
  PRIMARY KEY (`id`) USING BTREE
) ENGINE = InnoDB CHARACTER SET = utf8mb4 COLLATE = utf8mb4_0900_ai_ci COMMENT = 'BOMдё»дҝЎжҒҜиЎЁ' ROW_FORMAT = Dynamic;

-- ----------------------------
-- Records of sp_bom
-- ----------------------------
INSERT INTO `sp_bom` VALUES ('1268447170115383298', 'bbbbb', 't002', 't002', '', '1', NULL, NULL, '0', '2020-06-04 15:39:07', 'admin', '2020-07-16 11:17:20', 'admin');
INSERT INTO `sp_bom` VALUES ('1268811409925582850', '0001', '2019001', 'з”өеӯҗе…ғд»¶', '', '1', NULL, NULL, '0', '2020-06-05 15:46:28', 'admin', '2020-07-16 13:30:08', 'admin');
INSERT INTO `sp_bom` VALUES ('1270189758686146562', 'жөӢиҜ•', '123', '123', '', '1', NULL, NULL, '0', '2020-06-09 11:03:32', 'admin', '2020-07-04 15:32:47', 'admin');
INSERT INTO `sp_bom` VALUES ('1272019534564536322', 'жү“з®—', '123', '123', '', '1', NULL, NULL, '2', '2020-06-14 12:14:25', 'admin', '2020-07-09 15:10:38', 'admin');
INSERT INTO `sp_bom` VALUES ('1272783744282112002', 'йҳҝж–ҜйЎҝеҸ‘йҖҒеҲ°', 't002', 't002', '', '1', NULL, NULL, '0', '2020-06-16 14:51:06', 'admin', '2020-06-16 14:51:06', 'admin');
INSERT INTO `sp_bom` VALUES ('1276415594372247554', '77', '123', '123', '', '1', NULL, NULL, '0', '2020-06-26 15:22:47', 'admin', '2020-07-08 15:30:46', 'admin');
INSERT INTO `sp_bom` VALUES ('1276535719725346818', '001', '123', '123', '', '1', NULL, NULL, '0', '2020-06-26 23:20:07', 'admin', '2020-06-26 23:20:07', 'admin');
INSERT INTO `sp_bom` VALUES ('1277125952237973506', 'A0001', 't002', 't002', '', '1', NULL, NULL, '0', '2020-06-28 14:25:30', 'admin', '2020-06-28 14:25:30', 'admin');
INSERT INTO `sp_bom` VALUES ('1277599659653836802', 'Y001', 'Y001', 'Y001', '', '1', NULL, NULL, '0', '2020-06-29 21:47:50', 'admin', '2020-06-29 21:47:50', 'admin');
INSERT INTO `sp_bom` VALUES ('1278528374608998401', 'dc001', 'Y001', 'Y001', '', '1', NULL, NULL, '0', '2020-07-02 11:18:13', 'admin', '2020-07-02 11:18:13', 'admin');
INSERT INTO `sp_bom` VALUES ('1280124062753075202', '11111', '002-2918', 'жӣІиҪҙ', '11111', '1', NULL, NULL, '0', '2020-07-06 20:58:55', 'admin', '2020-07-06 20:58:55', 'admin');
INSERT INTO `sp_bom` VALUES ('1281490436289179649', '001', '002-2918', 'жӣІиҪҙ', '', '1', NULL, NULL, '0', '2020-07-10 15:28:24', 'admin', '2020-07-10 15:28:24', 'admin');
INSERT INTO `sp_bom` VALUES ('1283634934423203842', '333', '2019001', 'з”өеӯҗе…ғд»¶', '', '1', NULL, NULL, '0', '2020-07-16 13:29:52', 'admin', '2020-07-16 13:29:52', 'admin');

-- ----------------------------
-- Table structure for sp_bom_item
-- ----------------------------
DROP TABLE IF EXISTS `sp_bom_item`;
CREATE TABLE `sp_bom_item`  (
  `id` varchar(64) CHARACTER SET utf8mb4 COLLATE utf8mb4_0900_ai_ci NOT NULL COMMENT 'дё»й”®id',
  `bom_head_id` varchar(255) CHARACTER SET utf8mb4 COLLATE utf8mb4_0900_ai_ci NOT NULL COMMENT 'bomзј–еҸ·',
  `materiel_item_code` varchar(255) CHARACTER SET utf8mb4 COLLATE utf8mb4_0900_ai_ci NOT NULL COMMENT 'зү©ж–ҷID',
  `materiel_item_desc` varchar(255) CHARACTER SET utf8mb4 COLLATE utf8mb4_0900_ai_ci NOT NULL COMMENT 'зү©ж–ҷжҸҸиҝ°',
  `line_no` varchar(10) CHARACTER SET utf8mb4 COLLATE utf8mb4_0900_ai_ci NULL DEFAULT NULL COMMENT 'иЎҢеҸ·',
  `item_num` decimal(10, 0) NULL DEFAULT 0 COMMENT 'з”ЁйҮҸ',
  `item_unit` varchar(255) CHARACTER SET utf8mb4 COLLATE utf8mb4_0900_ai_ci NULL DEFAULT NULL COMMENT 'еӯҗйЎ№еҹәжң¬еҚ•дҪҚ',
  `oper_typer` varchar(255) CHARACTER SET utf8mb4 COLLATE utf8mb4_0900_ai_ci NULL DEFAULT NULL COMMENT 'жүҖеұһе·ҘеәҸзұ»еһӢ',
  `create_time` datetime(0) NOT NULL COMMENT 'еҲӣе»әж—¶й—ҙ',
  `create_username` varchar(64) CHARACTER SET utf8mb4 COLLATE utf8mb4_0900_ai_ci NOT NULL COMMENT 'еҲӣе»әдәә',
  `update_time` datetime(0) NOT NULL COMMENT 'жңҖеҗҺжӣҙж–°ж—¶й—ҙ',
  `update_username` varchar(64) CHARACTER SET utf8mb4 COLLATE utf8mb4_0900_ai_ci NOT NULL COMMENT 'жңҖеҗҺжӣҙж–°дәә',
  PRIMARY KEY (`id`) USING BTREE
) ENGINE = InnoDB CHARACTER SET = utf8mb4 COLLATE = utf8mb4_0900_ai_ci COMMENT = 'BOMеӯҗйЎ№иЎЁ' ROW_FORMAT = Dynamic;

-- ----------------------------
-- Table structure for sp_factroy
-- ----------------------------
DROP TABLE IF EXISTS `sp_factroy`;
CREATE TABLE `sp_factroy`  (
  `id` varchar(64) CHARACTER SET utf8mb4 COLLATE utf8mb4_0900_ai_ci NOT NULL COMMENT 'дё»й”®id',
  `factory` varchar(255) CHARACTER SET utf8mb4 COLLATE utf8mb4_0900_ai_ci NULL DEFAULT NULL,
  `factory_desc` varchar(255) CHARACTER SET utf8mb4 COLLATE utf8mb4_0900_ai_ci NULL DEFAULT NULL,
  `create_time` datetime(0) NOT NULL COMMENT 'еҲӣе»әж—¶й—ҙ',
  `create_username` varchar(64) CHARACTER SET utf8mb4 COLLATE utf8mb4_0900_ai_ci NOT NULL COMMENT 'еҲӣе»әдәә',
  `update_time` datetime(0) NOT NULL COMMENT 'жңҖеҗҺжӣҙж–°ж—¶й—ҙ',
  `update_username` varchar(64) CHARACTER SET utf8mb4 COLLATE utf8mb4_0900_ai_ci NOT NULL COMMENT 'жңҖеҗҺжӣҙж–°дәә',
  PRIMARY KEY (`id`) USING BTREE
) ENGINE = InnoDB CHARACTER SET = utf8mb4 COLLATE = utf8mb4_0900_ai_ci COMMENT = 'е·ҘеҺӮиЎЁ' ROW_FORMAT = Dynamic;

-- ----------------------------
-- Records of sp_factroy
-- ----------------------------
INSERT INTO `sp_factroy` VALUES ('1336542027055136', 'center', 'дёӯеҝғе·ҘеҺӮ123', '2020-03-12 15:22:02', 'admin', '2020-03-13 10:15:54', 'admin');
INSERT INTO `sp_factroy` VALUES ('1336542142398496', '123', 'дҪ еҘҪ', '2020-03-12 15:22:37', 'admin', '2020-03-12 15:22:37', 'admin');
INSERT INTO `sp_factroy` VALUES ('1336542951899168', 'ABC', 'ABC', '2020-03-12 15:29:03', 'admin', '2020-03-12 15:29:03', 'admin');
INSERT INTO `sp_factroy` VALUES ('1336850679595040', 'жөӢиҜ•ж•°жҚ®12', 'жөӢиҜ•ж•°жҚ®12', '2020-03-14 08:14:39', 'admin', '2020-03-14 08:14:39', 'admin');
INSERT INTO `sp_factroy` VALUES ('1336856843124768', 'жөӢиҜ•ж•°жҚ®2', 'жөӢиҜ•ж•°жҚ®2', '2020-03-14 09:03:38', 'admin', '2020-03-14 09:03:38', 'admin');
INSERT INTO `sp_factroy` VALUES ('1336858327908384', 'дҪ еҘҪ', 'дҪ еҘҪ123', '2020-03-14 09:15:26', 'admin', '2020-03-14 09:17:30', 'admin');
INSERT INTO `sp_factroy` VALUES ('1336858648772640', 'и®ўеҚ•', 'зҡ„', '2020-03-14 09:17:59', 'admin', '2020-03-14 09:17:59', 'admin');
INSERT INTO `sp_factroy` VALUES ('1336873681158176', 'we', 'wewe', '2020-03-14 11:17:27', 'admin', '2020-03-14 11:17:27', 'admin');
INSERT INTO `sp_factroy` VALUES ('1336873716809760', 'ds', 'sdsdds', '2020-03-14 11:17:44', 'admin', '2020-03-14 11:17:44', 'admin');

-- ----------------------------
-- Table structure for sp_flow
-- ----------------------------
DROP TABLE IF EXISTS `sp_flow`;
CREATE TABLE `sp_flow`  (
  `id` varchar(64) CHARACTER SET utf8mb4 COLLATE utf8mb4_0900_ai_ci NOT NULL COMMENT 'дё»й”®id',
  `flow` varchar(255) CHARACTER SET utf8mb4 COLLATE utf8mb4_0900_ai_ci NOT NULL COMMENT 'жөҒзЁӢ',
  `flow_desc` varchar(255) CHARACTER SET utf8mb4 COLLATE utf8mb4_0900_ai_ci NOT NULL COMMENT 'зәҝдҪ“жҸҸиҝ°',
  `process` varchar(255) CHARACTER SET utf8mb4 COLLATE utf8mb4_0900_ai_ci NULL DEFAULT NULL COMMENT 'жөҒзЁӢз»ҳеҲ¶ AвҖ”вҖ”>BвҖ”вҖ”>C',
  `create_time` datetime(0) NOT NULL COMMENT 'еҲӣе»әж—¶й—ҙ',
  `create_username` varchar(64) CHARACTER SET utf8mb4 COLLATE utf8mb4_0900_ai_ci NOT NULL COMMENT 'еҲӣе»әдәә',
  `update_time` datetime(0) NOT NULL COMMENT 'жңҖеҗҺжӣҙж–°ж—¶й—ҙ',
  `update_username` varchar(64) CHARACTER SET utf8mb4 COLLATE utf8mb4_0900_ai_ci NOT NULL COMMENT 'жңҖеҗҺжӣҙж–°дәә',
  PRIMARY KEY (`id`) USING BTREE
) ENGINE = InnoDB CHARACTER SET = utf8mb4 COLLATE = utf8mb4_0900_ai_ci COMMENT = 'жөҒзЁӢиЎЁ' ROW_FORMAT = Dynamic;

-- ----------------------------
-- Records of sp_flow
-- ----------------------------
INSERT INTO `sp_flow` VALUES ('1274977236873883649', '666', '666', 'иЈ…й…Қе·ҘеәҸ->жөӢиҜ•е·ҘеәҸ->йӣҶжҲҗжөӢиҜ•е·ҘеәҸ->е°Ғиғ¶е·ҘеәҸ->жё…жҙ—е·ҘеәҸ->еҢ…иЈ…е·ҘеәҸ', '2020-06-22 16:07:16', 'admin', '2020-07-20 20:49:33', 'admin');
INSERT INTO `sp_flow` VALUES ('1275430361590116354', '002', '111', 'иЈ…й…Қе·ҘеәҸ->еҢ…иЈ…е·ҘеәҸ', '2020-06-23 22:07:49', 'admin', '2020-06-23 22:07:49', 'admin');
INSERT INTO `sp_flow` VALUES ('1275430501520486401', '111', '222', 'жөӢиҜ•е·ҘеәҸ->з„ҠжҺҘ', '2020-06-23 22:08:23', 'admin', '2020-07-16 09:01:20', 'admin');
INSERT INTO `sp_flow` VALUES ('1277125413169246210', 'asfds', 'sdfsd', 'иЈ…й…Қе·ҘеәҸ->жөӢиҜ•е·ҘеәҸ->е°Ғиғ¶е·ҘеәҸ', '2020-06-28 14:23:21', 'admin', '2020-07-20 22:08:39', 'admin');
INSERT INTO `sp_flow` VALUES ('1277176874674663425', 'A01', 'A01', 'иЈ…й…Қе·ҘеәҸ->жөӢиҜ•е·ҘеәҸ', '2020-06-28 17:47:50', 'admin', '2020-07-18 20:02:47', 'admin');
INSERT INTO `sp_flow` VALUES ('1277600512544583681', 'A001', 'A001', 'иЈ…й…Қе·ҘеәҸ->жөӢиҜ•е·ҘеәҸ->еҢ…иЈ…е·ҘеәҸ', '2020-06-29 21:51:14', 'admin', '2020-06-29 21:51:14', 'admin');
INSERT INTO `sp_flow` VALUES ('1278145622063689729', '1212', '1212', 'иЈ…й…Қе·ҘеәҸ->еҢ…иЈ…е·ҘеәҸ', '2020-07-01 09:57:18', 'admin', '2020-07-01 09:57:18', 'admin');
INSERT INTO `sp_flow` VALUES ('1278528234456330242', 'dc001', 'ж–—иҪҰ', 'иЈ…й…Қе·ҘеәҸ->жөӢиҜ•е·ҘеәҸ->еҢ…иЈ…е·ҘеәҸ', '2020-07-02 11:17:40', 'admin', '2020-07-02 11:17:40', 'admin');
INSERT INTO `sp_flow` VALUES ('1279942838902304770', '000005', '0005', 'иЈ…й…Қе·ҘеәҸ->еҢ…иЈ…е·ҘеәҸ', '2020-07-06 08:58:48', 'admin', '2020-07-06 08:59:11', 'admin');
INSERT INTO `sp_flow` VALUES ('1285142116192968706', '1234', '12222', 'иЈ…й…Қе·ҘеәҸ->йӣҶжҲҗжөӢиҜ•е·ҘеәҸ->е°Ғиғ¶е·ҘеәҸ', '2020-07-20 17:18:52', 'admin', '2020-07-20 17:18:52', 'admin');

-- ----------------------------
-- Table structure for sp_flow_oper_relation
-- ----------------------------
DROP TABLE IF EXISTS `sp_flow_oper_relation`;
CREATE TABLE `sp_flow_oper_relation`  (
  `id` varchar(64) CHARACTER SET utf8mb4 COLLATE utf8mb4_0900_ai_ci NOT NULL COMMENT 'дё»й”®id',
  `flow_id` varchar(255) CHARACTER SET utf8mb4 COLLATE utf8mb4_0900_ai_ci NOT NULL COMMENT 'жөҒзЁӢID',
  `flow` varchar(255) CHARACTER SET utf8mb4 COLLATE utf8mb4_0900_ai_ci NOT NULL COMMENT 'жөҒзЁӢд»Јз Ғ',
  `per_oper_id` varchar(255) CHARACTER SET utf8mb4 COLLATE utf8mb4_0900_ai_ci NULL DEFAULT NULL COMMENT 'еүҚйҒ“е·ҘеәҸID',
  `per_oper` varchar(255) CHARACTER SET utf8mb4 COLLATE utf8mb4_0900_ai_ci NULL DEFAULT NULL COMMENT 'еүҚйҒ“е·ҘеәҸд»Јз Ғ',
  `oper_id` varchar(255) CHARACTER SET utf8mb4 COLLATE utf8mb4_0900_ai_ci NOT NULL COMMENT 'еҪ“еүҚе·ҘеәҸID',
  `oper` varchar(255) CHARACTER SET utf8mb4 COLLATE utf8mb4_0900_ai_ci NOT NULL COMMENT 'еҪ“еүҚе·ҘеәҸ\r\n',
  `next_oper_id` varchar(255) CHARACTER SET utf8mb4 COLLATE utf8mb4_0900_ai_ci NULL DEFAULT NULL COMMENT 'дёӢйҒ“е·ҘеәҸID',
  `next_oper` varchar(255) CHARACTER SET utf8mb4 COLLATE utf8mb4_0900_ai_ci NULL DEFAULT NULL COMMENT 'дёӢйҒ“е·ҘеәҸ',
  `sort_num` int(11) NOT NULL COMMENT 'жҺ’еәҸ',
  `oper_type` varchar(255) CHARACTER SET utf8mb4 COLLATE utf8mb4_0900_ai_ci NULL DEFAULT NULL COMMENT 'е·ҘеәҸзұ»еһӢпјҲйҰ–йҒ“е·ҘеәҸfirstOper;жңҖеҗҺдёҖйҒ“е·ҘеәҸlastOperпјү',
  `create_time` datetime(0) NOT NULL COMMENT 'еҲӣе»әж—¶й—ҙ',
  `create_username` varchar(64) CHARACTER SET utf8mb4 COLLATE utf8mb4_0900_ai_ci NOT NULL COMMENT 'еҲӣе»әдәә',
  `update_time` datetime(0) NOT NULL COMMENT 'жңҖеҗҺжӣҙж–°ж—¶й—ҙ',
  `update_username` varchar(64) CHARACTER SET utf8mb4 COLLATE utf8mb4_0900_ai_ci NOT NULL COMMENT 'жңҖеҗҺжӣҙж–°дәә',
  PRIMARY KEY (`id`) USING BTREE,
  INDEX `flow_id_index`(`flow_id`) USING BTREE
) ENGINE = InnoDB CHARACTER SET = utf8mb4 COLLATE = utf8mb4_0900_ai_ci COMMENT = 'жөҒзЁӢдёҺе·ҘеәҸе…ізі»иЎЁ' ROW_FORMAT = Dynamic;

-- ----------------------------
-- Records of sp_flow_oper_relation
-- ----------------------------
INSERT INTO `sp_flow_oper_relation` VALUES ('1267713369412186113', '1267713369349271553', '1111', '', '', '1336864489340960', 'ASY-01', '1336864537575456', 'TST-02', 1, NULL, '2020-06-02 15:03:15', 'admin', '2020-06-02 15:03:15', 'admin');
INSERT INTO `sp_flow_oper_relation` VALUES ('1267713369412186114', '1267713369349271553', '1111', '1336864489340960', 'ASY-01', '1336864537575456', 'TST-02', '', '', 2, NULL, '2020-06-02 15:03:15', 'admin', '2020-06-02 15:03:15', 'admin');
INSERT INTO `sp_flow_oper_relation` VALUES ('1267788592622841858', '1267788592555732994', '01', '', '', '1336864489340960', 'ASY-01', '1336864537575456', 'TST-02', 1, NULL, '2020-06-02 20:02:10', 'admin', '2020-06-02 20:02:10', 'admin');
INSERT INTO `sp_flow_oper_relation` VALUES ('1267788592622841859', '1267788592555732994', '01', '1336864489340960', 'ASY-01', '1336864537575456', 'TST-02', '1336864575324192', 'APK-01', 2, NULL, '2020-06-02 20:02:10', 'admin', '2020-06-02 20:02:10', 'admin');
INSERT INTO `sp_flow_oper_relation` VALUES ('1267788592622841860', '1267788592555732994', '01', '1336864537575456', 'TST-02', '1336864575324192', 'APK-01', '1336864613072928', 'TST-01', 3, NULL, '2020-06-02 20:02:10', 'admin', '2020-06-02 20:02:10', 'admin');
INSERT INTO `sp_flow_oper_relation` VALUES ('1267788592622841861', '1267788592555732994', '01', '1336864575324192', 'APK-01', '1336864613072928', 'TST-01', '', '', 4, NULL, '2020-06-02 20:02:10', 'admin', '2020-06-02 20:02:10', 'admin');
INSERT INTO `sp_flow_oper_relation` VALUES ('1267990052920864770', '1265284426327371778', '1', '', '', '1336864489340960', 'ASY-01', '1336864537575456', 'TST-02', 1, NULL, '2020-06-03 09:22:41', 'admin', '2020-06-03 09:22:41', 'admin');
INSERT INTO `sp_flow_oper_relation` VALUES ('1267990052920864771', '1265284426327371778', '1', '1336864489340960', 'ASY-01', '1336864537575456', 'TST-02', '1336868507484192', 'JS-01', 2, NULL, '2020-06-03 09:22:41', 'admin', '2020-06-03 09:22:41', 'admin');
INSERT INTO `sp_flow_oper_relation` VALUES ('1267990052920864772', '1265284426327371778', '1', '1336864537575456', 'TST-02', '1336868507484192', 'JS-01', '1336864575324192', 'APK-01', 3, NULL, '2020-06-03 09:22:41', 'admin', '2020-06-03 09:22:41', 'admin');
INSERT INTO `sp_flow_oper_relation` VALUES ('1267990052920864773', '1265284426327371778', '1', '1336868507484192', 'JS-01', '1336864575324192', 'APK-01', '', '', 4, NULL, '2020-06-03 09:22:41', 'admin', '2020-06-03 09:22:41', 'admin');
INSERT INTO `sp_flow_oper_relation` VALUES ('1267990103424479234', '1265589028092358657', '1111', '', '', '1336864489340960', 'ASY-01', '1336864575324192', 'APK-01', 1, NULL, '2020-06-03 09:22:53', 'admin', '2020-06-03 09:22:53', 'admin');
INSERT INTO `sp_flow_oper_relation` VALUES ('1267990103424479235', '1265589028092358657', '1111', '1336864489340960', 'ASY-01', '1336864575324192', 'APK-01', '1337248255574048', 'RK-01', 2, NULL, '2020-06-03 09:22:53', 'admin', '2020-06-03 09:22:53', 'admin');
INSERT INTO `sp_flow_oper_relation` VALUES ('1267990103424479236', '1265589028092358657', '1111', '1336864575324192', 'APK-01', '1337248255574048', 'RK-01', '1336868360683552', 'HJ-01', 3, NULL, '2020-06-03 09:22:53', 'admin', '2020-06-03 09:22:53', 'admin');
INSERT INTO `sp_flow_oper_relation` VALUES ('1267990103424479237', '1265589028092358657', '1111', '1337248255574048', 'RK-01', '1336868360683552', 'HJ-01', '', '', 4, NULL, '2020-06-03 09:22:53', 'admin', '2020-06-03 09:22:53', 'admin');
INSERT INTO `sp_flow_oper_relation` VALUES ('1268001010259046402', '1268001010166771713', '22', '', '', '1336864489340960', 'ASY-01', '1336864537575456', 'TST-02', 1, NULL, '2020-06-03 10:06:14', 'admin', '2020-06-03 10:06:14', 'admin');
INSERT INTO `sp_flow_oper_relation` VALUES ('1268001010259046403', '1268001010166771713', '22', '1336864489340960', 'ASY-01', '1336864537575456', 'TST-02', '1336864575324192', 'APK-01', 2, NULL, '2020-06-03 10:06:14', 'admin', '2020-06-03 10:06:14', 'admin');
INSERT INTO `sp_flow_oper_relation` VALUES ('1268001010259046404', '1268001010166771713', '22', '1336864537575456', 'TST-02', '1336864575324192', 'APK-01', '1336864613072928', 'TST-01', 3, NULL, '2020-06-03 10:06:14', 'admin', '2020-06-03 10:06:14', 'admin');
INSERT INTO `sp_flow_oper_relation` VALUES ('1268001010259046405', '1268001010166771713', '22', '1336864575324192', 'APK-01', '1336864613072928', 'TST-01', '1336868360683552', 'HJ-01', 4, NULL, '2020-06-03 10:06:14', 'admin', '2020-06-03 10:06:14', 'admin');
INSERT INTO `sp_flow_oper_relation` VALUES ('1268001010259046406', '1268001010166771713', '22', '1336864613072928', 'TST-01', '1336868360683552', 'HJ-01', '1336868452958240', 'FJ-01', 5, NULL, '2020-06-03 10:06:14', 'admin', '2020-06-03 10:06:14', 'admin');
INSERT INTO `sp_flow_oper_relation` VALUES ('1268001010259046407', '1268001010166771713', '22', '1336868360683552', 'HJ-01', '1336868452958240', 'FJ-01', '1336868507484192', 'JS-01', 6, NULL, '2020-06-03 10:06:14', 'admin', '2020-06-03 10:06:14', 'admin');
INSERT INTO `sp_flow_oper_relation` VALUES ('1268001010259046408', '1268001010166771713', '22', '1336868452958240', 'FJ-01', '1336868507484192', 'JS-01', '1336868562010144', 'QX-01', 7, NULL, '2020-06-03 10:06:14', 'admin', '2020-06-03 10:06:14', 'admin');
INSERT INTO `sp_flow_oper_relation` VALUES ('1268001010259046409', '1268001010166771713', '22', '1336868507484192', 'JS-01', '1336868562010144', 'QX-01', '1337248255574048', 'RK-01', 8, NULL, '2020-06-03 10:06:14', 'admin', '2020-06-03 10:06:14', 'admin');
INSERT INTO `sp_flow_oper_relation` VALUES ('1268001010259046410', '1268001010166771713', '22', '1336868562010144', 'QX-01', '1337248255574048', 'RK-01', '', '', 9, NULL, '2020-06-03 10:06:14', 'admin', '2020-06-03 10:06:14', 'admin');
INSERT INTO `sp_flow_oper_relation` VALUES ('1270229560290684929', '1268552781134016513', 'ж’’еӨ§еЈ°', '', '', '1336864489340960', 'ASY-01', '1336864575324192', 'APK-01', 1, NULL, '2020-06-09 13:41:42', 'admin', '2020-06-09 13:41:42', 'admin');
INSERT INTO `sp_flow_oper_relation` VALUES ('1270229560290684930', '1268552781134016513', 'ж’’еӨ§еЈ°', '1336864489340960', 'ASY-01', '1336864575324192', 'APK-01', '1336864613072928', 'TST-01', 2, NULL, '2020-06-09 13:41:42', 'admin', '2020-06-09 13:41:42', 'admin');
INSERT INTO `sp_flow_oper_relation` VALUES ('1270229560290684931', '1268552781134016513', 'ж’’еӨ§еЈ°', '1336864575324192', 'APK-01', '1336864613072928', 'TST-01', '', '', 3, NULL, '2020-06-09 13:41:42', 'admin', '2020-06-09 13:41:42', 'admin');
INSERT INTO `sp_flow_oper_relation` VALUES ('1270954114197729281', '1270954114151591937', '121', '', '', '1336864489340960', 'ASY-01', '1336864575324192', 'APK-01', 1, NULL, '2020-06-11 13:40:49', 'admin', '2020-06-11 13:40:49', 'admin');
INSERT INTO `sp_flow_oper_relation` VALUES ('1270954114197729282', '1270954114151591937', '121', '1336864489340960', 'ASY-01', '1336864575324192', 'APK-01', '', '', 2, NULL, '2020-06-11 13:40:49', 'admin', '2020-06-11 13:40:49', 'admin');
INSERT INTO `sp_flow_oper_relation` VALUES ('1270954292094939138', '1270954193277136898', '222222', '', '', '1336864537575456', 'TST-02', '1336868360683552', 'HJ-01', 1, NULL, '2020-06-11 13:41:31', 'admin', '2020-06-11 13:41:31', 'admin');
INSERT INTO `sp_flow_oper_relation` VALUES ('1270954292094939139', '1270954193277136898', '222222', '1336864537575456', 'TST-02', '1336868360683552', 'HJ-01', '', '', 2, NULL, '2020-06-11 13:41:31', 'admin', '2020-06-11 13:41:31', 'admin');
INSERT INTO `sp_flow_oper_relation` VALUES ('1275430361636253697', '1275430361590116354', '002', '', '', '1336864489340960', 'ASY-01', '1336864575324192', 'APK-01', 1, NULL, '2020-06-23 22:07:49', 'admin', '2020-06-23 22:07:49', 'admin');
INSERT INTO `sp_flow_oper_relation` VALUES ('1275430361636253698', '1275430361590116354', '002', '1336864489340960', 'ASY-01', '1336864575324192', 'APK-01', '', '', 2, NULL, '2020-06-23 22:07:49', 'admin', '2020-06-23 22:07:49', 'admin');
INSERT INTO `sp_flow_oper_relation` VALUES ('1277600512599109634', '1277600512544583681', 'A001', '', '', '1336864489340960', 'ASY-01', '1336864537575456', 'TST-02', 1, NULL, '2020-06-29 21:51:14', 'admin', '2020-06-29 21:51:14', 'admin');
INSERT INTO `sp_flow_oper_relation` VALUES ('1277600512599109635', '1277600512544583681', 'A001', '1336864489340960', 'ASY-01', '1336864537575456', 'TST-02', '1336864575324192', 'APK-01', 2, NULL, '2020-06-29 21:51:14', 'admin', '2020-06-29 21:51:14', 'admin');
INSERT INTO `sp_flow_oper_relation` VALUES ('1277600512599109636', '1277600512544583681', 'A001', '1336864537575456', 'TST-02', '1336864575324192', 'APK-01', '', '', 3, NULL, '2020-06-29 21:51:14', 'admin', '2020-06-29 21:51:14', 'admin');
INSERT INTO `sp_flow_oper_relation` VALUES ('1278145622248239105', '1278145622063689729', '1212', '', '', '1336864489340960', 'ASY-01', '1336864575324192', 'APK-01', 1, NULL, '2020-07-01 09:57:18', 'admin', '2020-07-01 09:57:18', 'admin');
INSERT INTO `sp_flow_oper_relation` VALUES ('1278145622248239106', '1278145622063689729', '1212', '1336864489340960', 'ASY-01', '1336864575324192', 'APK-01', '', '', 2, NULL, '2020-07-01 09:57:18', 'admin', '2020-07-01 09:57:18', 'admin');
INSERT INTO `sp_flow_oper_relation` VALUES ('1278528234506661890', '1278528234456330242', 'dc001', '', '', '1336864489340960', 'ASY-01', '1336864537575456', 'TST-02', 1, NULL, '2020-07-02 11:17:40', 'admin', '2020-07-02 11:17:40', 'admin');
INSERT INTO `sp_flow_oper_relation` VALUES ('1278528234506661891', '1278528234456330242', 'dc001', '1336864489340960', 'ASY-01', '1336864537575456', 'TST-02', '1336864575324192', 'APK-01', 2, NULL, '2020-07-02 11:17:40', 'admin', '2020-07-02 11:17:40', 'admin');
INSERT INTO `sp_flow_oper_relation` VALUES ('1278528234506661892', '1278528234456330242', 'dc001', '1336864537575456', 'TST-02', '1336864575324192', 'APK-01', '', '', 3, NULL, '2020-07-02 11:17:40', 'admin', '2020-07-02 11:17:40', 'admin');
INSERT INTO `sp_flow_oper_relation` VALUES ('1279942938785460225', '1279942838902304770', '000005', '', '', '1336864489340960', 'ASY-01', '1336864575324192', 'APK-01', 1, NULL, '2020-07-06 08:59:11', 'admin', '2020-07-06 08:59:11', 'admin');
INSERT INTO `sp_flow_oper_relation` VALUES ('1279942938785460226', '1279942838902304770', '000005', '1336864489340960', 'ASY-01', '1336864575324192', 'APK-01', '', '', 2, NULL, '2020-07-06 08:59:11', 'admin', '2020-07-06 08:59:11', 'admin');
INSERT INTO `sp_flow_oper_relation` VALUES ('1283567357256773634', '1275430501520486401', '111', '', '', '1336864537575456', 'TST-02', '1336868360683552', 'HJ-01', 1, NULL, '2020-07-16 09:01:20', 'admin', '2020-07-16 09:01:20', 'admin');
INSERT INTO `sp_flow_oper_relation` VALUES ('1283567357256773635', '1275430501520486401', '111', '1336864537575456', 'TST-02', '1336868360683552', 'HJ-01', '', '', 2, NULL, '2020-07-16 09:01:20', 'admin', '2020-07-16 09:01:20', 'admin');
INSERT INTO `sp_flow_oper_relation` VALUES ('1284458592561508353', '1277176874674663425', 'A01', '', '', '1336864489340960', 'ASY-01', '1336864537575456', 'TST-02', 1, NULL, '2020-07-18 20:02:47', 'admin', '2020-07-18 20:02:47', 'admin');
INSERT INTO `sp_flow_oper_relation` VALUES ('1284458592561508354', '1277176874674663425', 'A01', '1336864489340960', 'ASY-01', '1336864537575456', 'TST-02', '', '', 2, NULL, '2020-07-18 20:02:47', 'admin', '2020-07-18 20:02:47', 'admin');
INSERT INTO `sp_flow_oper_relation` VALUES ('1285142116356546562', '1285142116192968706', '1234', '', '', '1336864489340960', 'ASY-01', '1336864613072928', 'TST-01', 1, NULL, '2020-07-20 17:18:52', 'admin', '2020-07-20 17:18:52', 'admin');
INSERT INTO `sp_flow_oper_relation` VALUES ('1285142116385906690', '1285142116192968706', '1234', '1336864489340960', 'ASY-01', '1336864613072928', 'TST-01', '1336868452958240', 'FJ-01', 2, NULL, '2020-07-20 17:18:52', 'admin', '2020-07-20 17:18:52', 'admin');
INSERT INTO `sp_flow_oper_relation` VALUES ('1285142116385906691', '1285142116192968706', '1234', '1336864613072928', 'TST-01', '1336868452958240', 'FJ-01', '', '', 3, NULL, '2020-07-20 17:18:52', 'admin', '2020-07-20 17:18:52', 'admin');
INSERT INTO `sp_flow_oper_relation` VALUES ('1285195135865544705', '1274977236873883649', '666', '', '', '1336864489340960', 'ASY-01', '1336864537575456', 'TST-02', 1, NULL, '2020-07-20 20:49:33', 'admin', '2020-07-20 20:49:33', 'admin');
INSERT INTO `sp_flow_oper_relation` VALUES ('1285195135865544706', '1274977236873883649', '666', '1336864489340960', 'ASY-01', '1336864537575456', 'TST-02', '1336864613072928', 'TST-01', 2, NULL, '2020-07-20 20:49:33', 'admin', '2020-07-20 20:49:33', 'admin');
INSERT INTO `sp_flow_oper_relation` VALUES ('1285195135865544707', '1274977236873883649', '666', '1336864537575456', 'TST-02', '1336864613072928', 'TST-01', '1336868452958240', 'FJ-01', 3, NULL, '2020-07-20 20:49:33', 'admin', '2020-07-20 20:49:33', 'admin');
INSERT INTO `sp_flow_oper_relation` VALUES ('1285195135865544708', '1274977236873883649', '666', '1336864613072928', 'TST-01', '1336868452958240', 'FJ-01', '1336868562010144', 'QX-01', 4, NULL, '2020-07-20 20:49:33', 'admin', '2020-07-20 20:49:33', 'admin');
INSERT INTO `sp_flow_oper_relation` VALUES ('1285195135865544709', '1274977236873883649', '666', '1336868452958240', 'FJ-01', '1336868562010144', 'QX-01', '1336864575324192', 'APK-01', 5, NULL, '2020-07-20 20:49:33', 'admin', '2020-07-20 20:49:33', 'admin');
INSERT INTO `sp_flow_oper_relation` VALUES ('1285195135865544710', '1274977236873883649', '666', '1336868562010144', 'QX-01', '1336864575324192', 'APK-01', '', '', 6, NULL, '2020-07-20 20:49:33', 'admin', '2020-07-20 20:49:33', 'admin');
INSERT INTO `sp_flow_oper_relation` VALUES ('1285215041575149569', '1277125413169246210', 'asfds', '', '', '1336864489340960', 'ASY-01', '1336864537575456', 'TST-02', 1, NULL, '2020-07-20 22:08:39', 'admin', '2020-07-20 22:08:39', 'admin');
INSERT INTO `sp_flow_oper_relation` VALUES ('1285215041575149570', '1277125413169246210', 'asfds', '1336864489340960', 'ASY-01', '1336864537575456', 'TST-02', '1336868452958240', 'FJ-01', 2, NULL, '2020-07-20 22:08:39', 'admin', '2020-07-20 22:08:39', 'admin');
INSERT INTO `sp_flow_oper_relation` VALUES ('1285215041575149571', '1277125413169246210', 'asfds', '1336864537575456', 'TST-02', '1336868452958240', 'FJ-01', '', '', 3, NULL, '2020-07-20 22:08:39', 'admin', '2020-07-20 22:08:39', 'admin');

-- ----------------------------
-- Table structure for sp_line
-- ----------------------------
DROP TABLE IF EXISTS `sp_line`;
CREATE TABLE `sp_line`  (
  `id` varchar(64) CHARACTER SET utf8mb4 COLLATE utf8mb4_0900_ai_ci NOT NULL COMMENT 'дё»й”®id',
  `line` varchar(255) CHARACTER SET utf8mb4 COLLATE utf8mb4_0900_ai_ci NOT NULL COMMENT 'зәҝдҪ“',
  `line_desc` varchar(255) CHARACTER SET utf8mb4 COLLATE utf8mb4_0900_ai_ci NOT NULL COMMENT 'зәҝдҪ“жҸҸиҝ°',
  `process_section` varchar(255) CHARACTER SET utf8mb4 COLLATE utf8mb4_0900_ai_ci NULL DEFAULT NULL COMMENT 'е·ҘеәҸж®өд»ЈеҸ·',
  `create_time` datetime(0) NOT NULL COMMENT 'еҲӣе»әж—¶й—ҙ',
  `create_username` varchar(64) CHARACTER SET utf8mb4 COLLATE utf8mb4_0900_ai_ci NOT NULL COMMENT 'еҲӣе»әдәә',
  `update_time` datetime(0) NOT NULL COMMENT 'жңҖеҗҺжӣҙж–°ж—¶й—ҙ',
  `update_username` varchar(64) CHARACTER SET utf8mb4 COLLATE utf8mb4_0900_ai_ci NOT NULL COMMENT 'жңҖеҗҺжӣҙж–°дәә',
  PRIMARY KEY (`id`) USING BTREE
) ENGINE = InnoDB CHARACTER SET = utf8mb4 COLLATE = utf8mb4_0900_ai_ci COMMENT = 'зәҝдҪ“иЎЁ' ROW_FORMAT = Dynamic;

-- ----------------------------
-- Records of sp_line
-- ----------------------------
INSERT INTO `sp_line` VALUES ('1336867983196192', 'WZY-ASY-01', 'иЈ…й…ҚзәҝдҪ“01зәҝ', 'д»Һvv', '2020-03-14 10:32:10', 'admin', '2020-06-14 02:20:09', 'admin');
INSERT INTO `sp_line` VALUES ('1336868041916448', 'WZY-TEST-01', 'жөӢиҜ•01зәҝдҪ“', 'TST', '2020-03-14 10:32:38', 'admin', '2020-03-14 10:32:38', 'admin');
INSERT INTO `sp_line` VALUES ('1336868662673440', 'WZY-DC-01', 'з”өжұ з»„иЈ…01зәҝ', 'ASY', '2020-03-14 10:37:34', 'admin', '2020-06-16 11:47:04', 'admin');

-- ----------------------------
-- Table structure for sp_materile
-- ----------------------------
DROP TABLE IF EXISTS `sp_materile`;
CREATE TABLE `sp_materile`  (
  `id` varchar(64) CHARACTER SET utf8mb4 COLLATE utf8mb4_0900_ai_ci NOT NULL COMMENT 'дё»й”®id',
  `materiel` varchar(255) CHARACTER SET utf8mb4 COLLATE utf8mb4_0900_ai_ci NULL DEFAULT NULL COMMENT 'зү©ж–ҷзј–з Ғ',
  `materiel_desc` varchar(255) CHARACTER SET utf8mb4 COLLATE utf8mb4_0900_ai_ci NULL DEFAULT NULL COMMENT 'зү©ж–ҷжҸҸиҝ°',
  `unit` varchar(255) CHARACTER SET utf8mb4 COLLATE utf8mb4_0900_ai_ci NULL DEFAULT NULL COMMENT 'еҹәжң¬еҚ•дҪҚ',
  `product_group` varchar(255) CHARACTER SET utf8mb4 COLLATE utf8mb4_0900_ai_ci NULL DEFAULT NULL COMMENT 'дә§е“Ғз»„',
  `mat_type` varchar(255) CHARACTER SET utf8mb4 COLLATE utf8mb4_0900_ai_ci NOT NULL COMMENT 'зү©ж–ҷзұ»еһӢ',
  `model` varchar(255) CHARACTER SET utf8mb4 COLLATE utf8mb4_0900_ai_ci NULL DEFAULT NULL COMMENT 'еһӢеҸ·',
  `size` varchar(255) CHARACTER SET utf8mb4 COLLATE utf8mb4_0900_ai_ci NULL DEFAULT NULL COMMENT 'е°әеҜё',
  `flow_id` varchar(255) CHARACTER SET utf8mb4 COLLATE utf8mb4_0900_ai_ci NULL DEFAULT NULL COMMENT 'жөҒзЁӢ',
  `flow_desc` varchar(255) CHARACTER SET utf8mb4 COLLATE utf8mb4_0900_ai_ci NULL DEFAULT NULL COMMENT 'жөҒзЁӢжҸҸиҝ°',
  `create_time` datetime(0) NOT NULL COMMENT 'еҲӣе»әж—¶й—ҙ',
  `create_username` varchar(64) CHARACTER SET utf8mb4 COLLATE utf8mb4_0900_ai_ci NOT NULL COMMENT 'еҲӣе»әдәә',
  `update_time` datetime(0) NOT NULL COMMENT 'жңҖеҗҺжӣҙж–°ж—¶й—ҙ',
  `update_username` varchar(64) CHARACTER SET utf8mb4 COLLATE utf8mb4_0900_ai_ci NOT NULL COMMENT 'жңҖеҗҺжӣҙж–°дәә',
  `is_deleted` char(2) CHARACTER SET utf8mb4 COLLATE utf8mb4_0900_ai_ci NULL DEFAULT '0' COMMENT 'йҖ»иҫ‘еҲ йҷӨпјҡ1 иЎЁзӨәеҲ йҷӨпјҢ0 иЎЁзӨәжңӘеҲ йҷӨпјҢ2 иЎЁзӨәзҰҒз”Ё',
  PRIMARY KEY (`id`) USING BTREE
) ENGINE = InnoDB CHARACTER SET = utf8mb4 COLLATE = utf8mb4_0900_ai_ci COMMENT = 'еҹәзЎҖзү©ж–ҷиЎЁ' ROW_FORMAT = Dynamic;

-- ----------------------------
-- Records of sp_materile
-- ----------------------------
INSERT INTO `sp_materile` VALUES ('1284051625900748801', '000001', 'жҲҗе“ҒжөӢиҜ•', 'д»¶', 'дә§е“Ғ1з»„', 'FG', 'еӨ§', '8*8', '1279942838902304770', '0005', '2020-07-17 17:05:39', 'admin', '2020-07-21 08:32:19', 'admin', '0');

-- ----------------------------
-- Table structure for sp_oper
-- ----------------------------
DROP TABLE IF EXISTS `sp_oper`;
CREATE TABLE `sp_oper`  (
  `id` varchar(64) CHARACTER SET utf8mb4 COLLATE utf8mb4_0900_ai_ci NOT NULL COMMENT 'дё»й”®id',
  `oper` varchar(255) CHARACTER SET utf8mb4 COLLATE utf8mb4_0900_ai_ci NULL DEFAULT NULL COMMENT 'е·ҘеәҸ\r\n',
  `oper_desc` varchar(255) CHARACTER SET utf8mb4 COLLATE utf8mb4_0900_ai_ci NULL DEFAULT NULL COMMENT 'е·ҘеәҸжҸҸиҝ°',
  `create_time` datetime(0) NOT NULL COMMENT 'еҲӣе»әж—¶й—ҙ',
  `create_username` varchar(64) CHARACTER SET utf8mb4 COLLATE utf8mb4_0900_ai_ci NOT NULL COMMENT 'еҲӣе»әдәә',
  `update_time` datetime(0) NOT NULL COMMENT 'жңҖеҗҺжӣҙж–°ж—¶й—ҙ',
  `update_username` varchar(64) CHARACTER SET utf8mb4 COLLATE utf8mb4_0900_ai_ci NOT NULL COMMENT 'жңҖеҗҺжӣҙж–°дәә',
  PRIMARY KEY (`id`) USING BTREE
) ENGINE = InnoDB CHARACTER SET = utf8mb4 COLLATE = utf8mb4_0900_ai_ci COMMENT = 'е·ҘеәҸиЎЁ' ROW_FORMAT = Dynamic;

-- ----------------------------
-- Records of sp_oper
-- ----------------------------
INSERT INTO `sp_oper` VALUES ('1336864489340960', 'ASY-01', 'иЈ…й…Қе·ҘеәҸ', '2020-03-14 10:04:24', 'admin', '2020-03-14 10:04:24', 'admin');
INSERT INTO `sp_oper` VALUES ('1336864537575456', 'TST-02', 'жөӢиҜ•е·ҘеәҸ', '2020-03-14 10:04:47', 'admin', '2020-03-14 10:04:47', 'admin');
INSERT INTO `sp_oper` VALUES ('1336864575324192', 'APK-01', 'еҢ…иЈ…е·ҘеәҸ', '2020-03-14 10:05:05', 'admin', '2020-03-14 10:05:05', 'admin');
INSERT INTO `sp_oper` VALUES ('1336864613072928', 'TST-01', 'йӣҶжҲҗжөӢиҜ•е·ҘеәҸ', '2020-03-14 10:05:23', 'admin', '2020-03-14 10:05:23', 'admin');
INSERT INTO `sp_oper` VALUES ('1336868360683552', 'HJ-01', 'з„ҠжҺҘ', '2020-03-14 10:35:10', 'admin', '2020-03-14 10:35:10', 'admin');
INSERT INTO `sp_oper` VALUES ('1336868452958240', 'FJ-01', 'е°Ғиғ¶е·ҘеәҸ', '2020-03-14 10:35:54', 'admin', '2020-03-14 10:35:54', 'admin');
INSERT INTO `sp_oper` VALUES ('1336868507484192', 'JS-01', 'еҠ й…ёе·ҘеәҸ', '2020-03-14 10:36:20', 'admin', '2020-03-14 10:36:20', 'admin');
INSERT INTO `sp_oper` VALUES ('1336868562010144', 'QX-01', 'жё…жҙ—е·ҘеәҸ', '2020-03-14 10:36:46', 'admin', '2020-03-14 10:36:46', 'admin');
INSERT INTO `sp_oper` VALUES ('1337248255574048', 'RK-01', 'е…Ҙеә“е·ҘеәҸ', '2020-03-16 12:54:18', 'admin', '2020-03-16 12:54:18', 'admin');

-- ----------------------------
-- Table structure for sp_order
-- ----------------------------
DROP TABLE IF EXISTS `sp_order`;
CREATE TABLE `sp_order`  (
  `id` varchar(64) CHARACTER SET utf8mb4 COLLATE utf8mb4_0900_ai_ci NOT NULL COMMENT 'дё»й”®id',
  `order_code` varchar(255) CHARACTER SET utf8 COLLATE utf8_general_ci NULL DEFAULT NULL COMMENT 'е·ҘеҚ•зј–еҸ·',
  `order_description` varchar(255) CHARACTER SET utf8 COLLATE utf8_general_ci NULL DEFAULT NULL COMMENT 'е·ҘеҚ•жҸҸиҝ°',
  `qty` int(255) NULL DEFAULT NULL COMMENT 'е·ҘеҚ•ж•°йҮҸ',
  `order_type` varchar(255) CHARACTER SET utf8 COLLATE utf8_general_ci NULL DEFAULT NULL COMMENT 'и®ўеҚ•зұ»еһӢ P йҮҸдә§ AйӘҢиҜҒ Fиҝ”е·Ҙ ',
  `flow_id` varchar(255) CHARACTER SET utf8 COLLATE utf8_general_ci NULL DEFAULT NULL COMMENT 'жөҒзЁӢID',
  `materiel` varchar(255) CHARACTER SET utf8mb4 COLLATE utf8mb4_0900_ai_ci NULL DEFAULT NULL COMMENT 'зү©ж–ҷзј–з Ғ',
  `materiel_desc` varchar(255) CHARACTER SET utf8mb4 COLLATE utf8mb4_0900_ai_ci NULL DEFAULT NULL COMMENT 'зү©ж–ҷжҸҸиҝ°',
  `plan_start_time` varchar(255) CHARACTER SET utf8 COLLATE utf8_general_ci NULL DEFAULT NULL COMMENT 'и®ЎеҲ’ејҖе§Ӣж—¶й—ҙ',
  `plan_end_time` varchar(255) CHARACTER SET utf8mb4 COLLATE utf8mb4_0900_ai_ci NULL DEFAULT '0' COMMENT 'и®ЎеҲ’з»“жқҹж—¶й—ҙ',
  `statue` tinyint(255) NULL DEFAULT NULL COMMENT '1,еҲӣе»ә 2 иҝӣиЎҢдёӯпјҢ3и®ўеҚ•з»“жқҹпјҢ4и®ўеҚ•з»Ҳз»“',
  `equipment_id` varchar(64) CHARACTER SET utf8mb4 COLLATE utf8mb4_0900_ai_ci NULL DEFAULT NULL COMMENT 'и®ҫеӨҮID',
  `create_time` datetime(0) NOT NULL COMMENT 'еҲӣе»әж—¶й—ҙ',
  `create_username` varchar(64) CHARACTER SET utf8mb4 COLLATE utf8mb4_0900_ai_ci NOT NULL COMMENT 'еҲӣе»әдәә',
  `update_time` datetime(0) NOT NULL COMMENT 'жңҖеҗҺжӣҙж–°ж—¶й—ҙ',
  `update_username` varchar(64) CHARACTER SET utf8mb4 COLLATE utf8mb4_0900_ai_ci NOT NULL COMMENT 'жңҖеҗҺжӣҙж–°дәә',
  PRIMARY KEY (`id`) USING BTREE
) ENGINE = InnoDB CHARACTER SET = utf8 COLLATE = utf8_general_ci ROW_FORMAT = Dynamic;

-- ----------------------------
-- Table structure for sp_sys_department
-- ----------------------------
DROP TABLE IF EXISTS `sp_sys_department`;
CREATE TABLE `sp_sys_department`  (
  `id` varchar(64) CHARACTER SET utf8mb4 COLLATE utf8mb4_0900_ai_ci NOT NULL COMMENT 'дё»й”®id',
  `parent_id` varchar(64) CHARACTER SET utf8mb4 COLLATE utf8mb4_0900_ai_ci NOT NULL,
  `name` varchar(255) CHARACTER SET utf8mb4 COLLATE utf8mb4_0900_ai_ci NOT NULL,
  `descr` varchar(255) CHARACTER SET utf8mb4 COLLATE utf8mb4_0900_ai_ci NULL DEFAULT NULL COMMENT 'йғЁй—ЁжҸҸиҝ°',
  `sort_num` int(11) NOT NULL,
  `is_deleted` varchar(1) CHARACTER SET utf8mb4 COLLATE utf8mb4_0900_ai_ci NOT NULL COMMENT 'йҖ»иҫ‘еҲ йҷӨпјҡ1 иЎЁзӨәеҲ йҷӨпјҢ0 иЎЁзӨәжңӘеҲ йҷӨпјҢ2 иЎЁзӨәзҰҒз”Ё',
  `create_time` datetime(0) NOT NULL COMMENT 'еҲӣе»әж—¶й—ҙ',
  `create_username` varchar(64) CHARACTER SET utf8mb4 COLLATE utf8mb4_0900_ai_ci NOT NULL COMMENT 'еҲӣе»әдәә',
  `update_time` datetime(0) NOT NULL COMMENT 'жңҖеҗҺжӣҙж–°ж—¶й—ҙ',
  `update_username` varchar(64) CHARACTER SET utf8mb4 COLLATE utf8mb4_0900_ai_ci NOT NULL COMMENT 'жңҖеҗҺжӣҙж–°дәә',
  PRIMARY KEY (`id`) USING BTREE
) ENGINE = InnoDB CHARACTER SET = utf8mb4 COLLATE = utf8mb4_0900_ai_ci ROW_FORMAT = Dynamic;

-- ----------------------------
-- Records of sp_sys_department
-- ----------------------------
INSERT INTO `sp_sys_department` (`id`, `parent_id`, `name`, `descr`, `sort_num`, `is_deleted`, `create_time`, `create_username`, `update_time`, `update_username`)
VALUES
('dept_process',  '0', 'е·ҘиүәйғЁ',  'иҙҹиҙЈе·Ҙиүәи·ҜзәҝдёҺBOMз®ЎзҗҶ',        1, '0', NOW(), 'admin', NOW(), 'admin'),
('dept_plan',     '0', 'и®ЎеҲ’йғЁ',  'иҙҹиҙЈз”ҹдә§и®ЎеҲ’дёҺе·ҘеҚ•дёӢиҫҫ',        2, '0', NOW(), 'admin', NOW(), 'admin'),
('dept_prod',     '0', 'з”ҹдә§йғЁ',  'иҙҹиҙЈз”ҹдә§жү§иЎҢдёҺеңЁеҲ¶е“Ғз®ЎзҗҶ',      3, '0', NOW(), 'admin', NOW(), 'admin'),
('dept_purchase', '0', 'йҮҮиҙӯйғЁ',  'иҙҹиҙЈзү©ж–ҷйҮҮиҙӯдёҺеә“жҲҝз®ЎзҗҶ',        4, '0', NOW(), 'admin', NOW(), 'admin'),
('dept_quality',  '0', 'иҙЁйҮҸйғЁ',  'иҙҹиҙЈиҙЁйҮҸжЈҖйӘҢдёҺж•°жҚ®з®ЎзҗҶ',        5, '0', NOW(), 'admin', NOW(), 'admin');

-- ----------------------------
-- Table structure for sp_sys_dict
-- ----------------------------
DROP TABLE IF EXISTS `sp_sys_dict`;
CREATE TABLE `sp_sys_dict`  (
  `id` varchar(64) CHARACTER SET utf8mb4 COLLATE utf8mb4_0900_ai_ci NOT NULL COMMENT 'дё»й”®id',
  `name` varchar(64) CHARACTER SET utf8mb4 COLLATE utf8mb4_0900_ai_ci NOT NULL COMMENT 'ж ҮзӯҫеҗҚ',
  `value` varchar(64) CHARACTER SET utf8mb4 COLLATE utf8mb4_0900_ai_ci NOT NULL COMMENT 'ж•°жҚ®еҖј',
  `type` varchar(64) CHARACTER SET utf8mb4 COLLATE utf8mb4_0900_ai_ci NOT NULL COMMENT 'зұ»еһӢ',
  `descr` varchar(255) CHARACTER SET utf8mb4 COLLATE utf8mb4_0900_ai_ci NULL DEFAULT '\"\"' COMMENT 'жҸҸиҝ°',
  `sort_num` int(11) NOT NULL COMMENT 'жҺ’еәҸпјҲеҚҮеәҸпјү',
  `parent_id` varchar(64) CHARACTER SET utf8mb4 COLLATE utf8mb4_0900_ai_ci NULL DEFAULT '\"\"' COMMENT 'зҲ¶зә§id',
  `is_deleted` char(2) CHARACTER SET utf8mb4 COLLATE utf8mb4_0900_ai_ci NULL DEFAULT '0' COMMENT 'йҖ»иҫ‘еҲ йҷӨпјҡ1 иЎЁзӨәеҲ йҷӨпјҢ0 иЎЁзӨәжңӘеҲ йҷӨпјҢ2 иЎЁзӨәзҰҒз”Ё',
  `create_time` datetime(0) NOT NULL COMMENT 'еҲӣе»әж—¶й—ҙ',
  `create_username` varchar(64) CHARACTER SET utf8mb4 COLLATE utf8mb4_0900_ai_ci NOT NULL COMMENT 'еҲӣе»әдәә',
  `update_time` datetime(0) NOT NULL COMMENT 'жңҖеҗҺжӣҙж–°ж—¶й—ҙ',
  `update_username` varchar(64) CHARACTER SET utf8mb4 COLLATE utf8mb4_0900_ai_ci NOT NULL COMMENT 'жңҖеҗҺжӣҙж–°дәә',
  PRIMARY KEY (`id`) USING BTREE,
  INDEX `idx_sp_sys_dict_name`(`type`) USING BTREE
) ENGINE = InnoDB CHARACTER SET = utf8mb4 COLLATE = utf8mb4_0900_ai_ci COMMENT = 'зі»з»ҹеӯ—е…ёиЎЁ' ROW_FORMAT = Dynamic;

-- ----------------------------
-- Records of sp_sys_dict
-- ----------------------------
INSERT INTO `sp_sys_dict` VALUES ('1337618042191904', 'жҲҗе“Ғ', 'FG', 'material_type', 'зү©ж–ҷзұ»еһӢ', 2, '\"\"', '0', '2020-03-18 13:53:06', 'admin', '2020-03-18 13:53:06', 'admin');
INSERT INTO `sp_sys_dict` VALUES ('1337618163826720', 'еҚҠжҲҗе“Ғ', 'PG', 'material_type', 'зү©ж–ҷзұ»еһӢ', 3, '\"\"', '0', '2020-03-18 13:54:04', 'admin', '2020-03-18 13:54:04', 'admin');
INSERT INTO `sp_sys_dict` VALUES ('1337618837012512', 'дёӘ', 'PCS', 'ORDER_UNIT', 'з”ҹдә§еҚ•дҪҚ', 1, '\"\"', '0', '2020-03-18 13:59:25', 'admin', '2020-03-18 13:59:41', 'admin');
INSERT INTO `sp_sys_dict` VALUES ('1337618939772960', 'з®ұ', 'BOX', 'ORDER_UNIT', 'з”ҹдә§еҚ•дҪҚ', 2, '\"\"', '0', '2020-03-18 14:00:14', 'admin', '2020-03-18 14:00:14', 'admin');

-- ----------------------------

-- ----------------------------
-- Table structure for sp_sys_menu
-- ----------------------------
DROP TABLE IF EXISTS `sp_sys_menu`;
CREATE TABLE `sp_sys_menu`  (
  `id` varchar(64) CHARACTER SET utf8mb4 COLLATE utf8mb4_0900_ai_ci NOT NULL COMMENT 'дё»й”®id',
  `code` varchar(64) CHARACTER SET utf8mb4 COLLATE utf8mb4_0900_ai_ci NOT NULL,
  `name` varchar(64) CHARACTER SET utf8mb4 COLLATE utf8mb4_0900_ai_ci NOT NULL COMMENT 'иҸңеҚ•еҗҚз§°',
  `url` varchar(255) CHARACTER SET utf8mb4 COLLATE utf8mb4_0900_ai_ci NOT NULL COMMENT 'иҸңеҚ•URL',
  `parent_id` varchar(64) CHARACTER SET utf8mb4 COLLATE utf8mb4_0900_ai_ci NOT NULL COMMENT 'зҲ¶иҸңеҚ•IDпјҢдёҖзә§иҸңеҚ•и®ҫдёә0',
  `grade` varchar(1) CHARACTER SET utf8mb4 COLLATE utf8mb4_0900_ai_ci NOT NULL COMMENT 'еұӮзә§пјҡ1зә§гҖҒ2зә§гҖҒ3зә§......',
  `sort_num` int(11) NOT NULL COMMENT 'жҺ’еәҸ',
  `type` varchar(1) CHARACTER SET utf8mb4 COLLATE utf8mb4_0900_ai_ci NOT NULL COMMENT 'зұ»еһӢпјҡ0 зӣ®еҪ•пјӣ1 иҸңеҚ•пјӣ2 жҢүй’®',
  `permission` varchar(255) CHARACTER SET utf8mb4 COLLATE utf8mb4_0900_ai_ci NULL DEFAULT '\"\"' COMMENT 'жҺҲжқғ(еӨҡдёӘз”ЁйҖ—еҸ·еҲҶйҡ”пјҢеҰӮпјҡsys:menu:list,sys:menu:create)',
  `icon` varchar(255) CHARACTER SET utf8mb4 COLLATE utf8mb4_0900_ai_ci NULL DEFAULT '\"\"' COMMENT 'иҸңеҚ•еӣҫж Ү',
  `descr` varchar(255) CHARACTER SET utf8mb4 COLLATE utf8mb4_0900_ai_ci NULL DEFAULT '\"\"' COMMENT 'жҸҸиҝ°',
  `create_time` datetime(0) NOT NULL COMMENT 'еҲӣе»әж—¶й—ҙ',
  `create_username` varchar(64) CHARACTER SET utf8mb4 COLLATE utf8mb4_0900_ai_ci NOT NULL COMMENT 'еҲӣе»әдәә',
  `update_time` datetime(0) NOT NULL COMMENT 'жңҖеҗҺжӣҙж–°ж—¶й—ҙ',
  `update_username` varchar(64) CHARACTER SET utf8mb4 COLLATE utf8mb4_0900_ai_ci NOT NULL COMMENT 'жңҖеҗҺжӣҙж–°дәә',
  PRIMARY KEY (`id`) USING BTREE,
  UNIQUE INDEX `idx_sp_sys_menu_name`(`name`) USING BTREE,
  UNIQUE INDEX `idx_sp_sys_menu_code`(`code`) USING BTREE
) ENGINE = InnoDB CHARACTER SET = utf8mb4 COLLATE = utf8mb4_0900_ai_ci COMMENT = 'зі»з»ҹиҸңеҚ•иЎЁ' ROW_FORMAT = Dynamic;

-- ----------------------------
-- Records of sp_sys_menu
-- ----------------------------
INSERT INTO `sp_sys_menu` VALUES ('1', 'currency', 'еёёи§„з®ЎзҗҶ', '#', '0', '1', 1, '0', 'user:add', 'fa fa-address-book', '', '2019-10-18 11:18:29', 'SongPeng', '2020-03-13 14:07:09', 'admin');
INSERT INTO `sp_sys_menu` VALUES ('10', 'system', 'зі»з»ҹз®ЎзҗҶ', '#', '1', '2', 1, '0', 'user:add', 'fa fa-gears', '', '2019-10-18 11:18:29', 'SongPeng', '2019-10-18 11:18:29', 'SongPeng');
INSERT INTO `sp_sys_menu` VALUES ('101', 'menu', 'иҸңеҚ•з®ЎзҗҶ', '/admin/sys/menu/list-ui', '10', '3', 1, '0', 'user:add', 'fa fa-bars', '', '2019-10-18 11:18:29', 'SongPeng', '2019-10-18 11:18:29', 'SongPeng');
INSERT INTO `sp_sys_menu` VALUES ('102', 'user', 'з”ЁжҲ·з®ЎзҗҶ', '/admin/sys/user/list-ui', '10', '3', 2, '0', 'user:add', 'fa fa-user', '', '2019-10-18 11:18:29', 'SongPeng', '2019-10-18 11:18:29', 'SongPeng');
INSERT INTO `sp_sys_menu` VALUES ('103', 'role', 'и§’иүІз®ЎзҗҶ', '/admin/sys/role/list-ui', '10', '3', 3, '0', 'user:add', 'fa fa-child', '', '2019-10-18 11:18:29', 'SongPeng', '2019-10-18 11:18:29', 'SongPeng');
INSERT INTO `sp_sys_menu` VALUES ('104', 'department', 'йғЁй—Ёз®ЎзҗҶ', '/admin/sys/department/list-ui', '10', '3', 4, '0', 'user:add', 'fa fa-sitemap', '', '2019-10-18 11:18:29', 'SongPeng', '2019-10-18 11:18:29', 'SongPeng');
INSERT INTO `sp_sys_menu` VALUES ('105', 'basedata', 'еҹәзЎҖж•°жҚ®й…ҚзҪ®е№іеҸ°', '/basedata/manager/list-ui', '10', '3', 5, '0', 'user:add', 'fa fa-cog', '', '2019-10-18 11:18:29', 'SongPeng', '2019-10-18 11:18:29', 'SongPeng');
INSERT INTO `sp_sys_menu` VALUES ('106', 'basedatamanager', 'еҹәзЎҖж•°жҚ®з»ҙжҠӨ', '/basedata/manager/item/list-ui', '10', '3', 6, '0', 'user:add', 'fa fa-database', '', '2019-10-18 11:18:29', 'SongPeng', '2019-10-18 11:18:29', 'SongPeng');
INSERT INTO `sp_sys_menu` VALUES ('107', 'workteam', 'е‘ҳе·ҘзҸӯз»„', '/admin/work/team/list-ui', '10', '3', 7, '0', 'user:add', 'fa fa-users', '', '2026-06-18 12:00:00', 'admin', '2026-06-18 12:00:00', 'admin');
INSERT INTO `sp_sys_menu` VALUES ('108', 'equipment', 'и®ҫеӨҮз®ЎзҗҶ', '/admin/equipment/list-ui', '10', '3', 8, '0', 'user:add', 'fa fa-cogs', '', '2026-06-19 12:00:00', 'admin', '2026-06-19 12:00:00', 'admin');
INSERT INTO `sp_sys_menu` VALUES ('109', 'equipmentGroup', 'и®ҫеӨҮзј–з»„', '/admin/equipment/group/list-ui', '10', '3', 9, '0', 'user:add', 'fa fa-object-group', '', '2026-06-19 12:00:00', 'admin', '2026-06-19 12:00:00', 'admin');
INSERT INTO `sp_sys_menu` VALUES ('110', 'processUnit', 'еҠ е·ҘеҚ•е…ғе®ҡд№ү', '/admin/process/unit/list-ui', '10', '3', 10, '0', 'user:add', 'fa fa-industry', '', '2026-06-19 12:00:00', 'admin', '2026-06-19 12:00:00', 'admin');
INSERT INTO `sp_sys_menu` VALUES ('12', 'order', 'и®ЎеҲ’з®ЎзҗҶ', '', '1', '2', 4, '0', 'user:add', 'fa fa-calendar', '', '2019-10-18 11:18:29', 'Wangziyang', '2021-02-21 14:59:56', 'admin');
INSERT INTO `sp_sys_menu` VALUES ('121', 'orderRelease', 'е·ҘеҚ•дёӢиҫҫ', '/order/release/list-ui', '12', '3', 1, '0', 'user:add', 'fa fa-flag-o', '', '2019-10-18 11:18:29', 'Wangziyang', '2019-10-18 11:18:29', 'Wangziyang');
INSERT INTO `sp_sys_menu` VALUES ('13', 'materiel', 'зү©ж–ҷз®ЎзҗҶ', '#', '1', '2', 2, '0', 'user:add', 'fa fa-cubes', '', '2019-10-18 11:18:29', 'Wangziyang', '2019-10-18 11:18:29', 'Wangziyang');
INSERT INTO `sp_sys_menu` VALUES ('131', 'matdef', 'зү©ж–ҷз»ҙжҠӨ', '/basedata/materile/list-ui', '13', '3', 1, '0', 'user:add', 'fa fa-microchip', '', '2019-10-18 11:18:29', 'SongPeng', '2019-10-18 11:18:29', 'SongPeng');
INSERT INTO `sp_sys_menu` VALUES ('14', 'Digitalplatform\n\n', 'ж•°еӯ—еҢ–е№іеҸ°', '#', '1', '2', 6, '0', 'user:add', 'fa fa-pie-chart', '', '2019-10-18 11:18:29', 'Wangziyang', '2019-10-18 11:18:29', 'Wangziyang');
INSERT INTO `sp_sys_menu` VALUES ('141', 'plandg', 'жҷәж…§еӨ§еұҸ', '/digitization/plan/plan-ui', '14', '3', 1, '0', 'user:add', 'fa fa-desktop', '', '2019-10-18 11:18:29', 'SongPeng', '2019-10-18 11:18:29', 'SongPeng');
INSERT INTO `sp_sys_menu` VALUES ('15', 'ProcessManage', 'е·Ҙиүәз®ЎзҗҶ', '', '1', '2', 3, '0', 'user:add', 'fa fa-wrench', '', '2019-10-18 11:18:29', 'Wangziyang', '2021-02-21 15:01:47', 'admin');
INSERT INTO `sp_sys_menu` VALUES ('151', 'flowProcess', 'е·Ҙиүәи·Ҝзәҝз®ЎзҗҶ', '/basedata/flow/process/list-ui', '15', '3', 1, '0', 'user:add', 'fa fa-retweet', '', '2019-10-18 11:18:29', 'Wangziyang', '2019-10-18 11:18:29', 'Wangziyang');
INSERT INTO `sp_sys_menu` VALUES ('152', 'bom', 'е·ҘиүәBOMз®ЎзҗҶ', '/technology/bom/list-ui', '15', '3', 2, '0', 'user:add', 'fa fa-file-text-o', '', '2019-10-18 11:18:29', 'Wangziyang', '2019-10-18 11:18:29', 'Wangziyang');
INSERT INTO `sp_sys_menu` VALUES ('16', 'wip', 'еңЁеҲ¶е“Ғз®ЎзҗҶ', '#', '1', '2', 5, '0', 'user:add', 'fa fa-industry', '', '2019-10-18 11:18:29', 'SongPeng', '2019-10-18 11:18:29', 'SongPeng');
INSERT INTO `sp_sys_menu` VALUES ('161', 'generalSnProcess', 'SNйҖҡз”ЁиҝҮзЁӢйҮҮйӣҶ', '/rrr', '16', '3', 1, '0', 'user:add', 'fa fa-product-hunt', '', '2019-10-18 11:18:29', 'SongPeng', '2019-10-18 11:18:29', 'SongPeng');
INSERT INTO `sp_sys_menu` VALUES ('17', 'DigitalSimulation', 'й»‘з§‘ж•°еӯ—еӯӘз”ҹ', '#', '1', '2', 7, '0', 'user:add', 'fa fa-ravelry', '', '2019-10-18 11:18:29', 'Wangziyang', '2019-10-18 11:18:29', 'Wangziyang');
INSERT INTO `sp_sys_menu` VALUES ('171', 'DigitalSimulationFrom', 'ж•°еӯ—д»ҝзңҹ3Dд»“еә“', '/digital/simulation/list-ui', '17', '3', 1, '0', 'user:add', 'fa fa-codepen', '', '2019-10-18 11:18:29', 'Wangziyang', '2019-10-18 11:18:29', 'Wangziyang');

-- ----------------------------
-- Table structure for sp_work_team
-- ----------------------------
DROP TABLE IF EXISTS `sp_work_team`;
CREATE TABLE `sp_work_team`  (
  `id` varchar(64) CHARACTER SET utf8mb4 COLLATE utf8mb4_0900_ai_ci NOT NULL COMMENT 'дё»й”®id',
  `code` varchar(64) CHARACTER SET utf8mb4 COLLATE utf8mb4_0900_ai_ci NOT NULL COMMENT 'зҸӯз»„зј–з Ғ',
  `name` varchar(255) CHARACTER SET utf8mb4 COLLATE utf8mb4_0900_ai_ci NOT NULL COMMENT 'зҸӯз»„еҗҚз§°',
  `line_name` varchar(255) CHARACTER SET utf8mb4 COLLATE utf8mb4_0900_ai_ci NULL DEFAULT NULL COMMENT 'дә§зәҝеҗҚз§°',
  `descr` varchar(255) CHARACTER SET utf8mb4 COLLATE utf8mb4_0900_ai_ci NULL DEFAULT NULL COMMENT 'зҸӯз»„жҸҸиҝ°',
  `is_deleted` varchar(1) CHARACTER SET utf8mb4 COLLATE utf8mb4_0900_ai_ci NOT NULL COMMENT 'йҖ»иҫ‘еҲ йҷӨпјҡ1 иЎЁзӨәеҲ йҷӨпјҢ0 иЎЁзӨәжңӘеҲ йҷӨпјҢ2 иЎЁзӨәзҰҒз”Ё',
  `create_time` datetime(0) NOT NULL COMMENT 'еҲӣе»әж—¶й—ҙ',
  `create_username` varchar(64) CHARACTER SET utf8mb4 COLLATE utf8mb4_0900_ai_ci NOT NULL COMMENT 'еҲӣе»әдәә',
  `update_time` datetime(0) NOT NULL COMMENT 'жңҖеҗҺжӣҙж–°ж—¶й—ҙ',
  `update_username` varchar(64) CHARACTER SET utf8mb4 COLLATE utf8mb4_0900_ai_ci NOT NULL COMMENT 'жңҖеҗҺжӣҙж–°дәә',
  PRIMARY KEY (`id`) USING BTREE,
  UNIQUE INDEX `idx_sp_work_team_code`(`code`) USING BTREE
) ENGINE = InnoDB CHARACTER SET = utf8mb4 COLLATE = utf8mb4_0900_ai_ci COMMENT = 'з”ҹдә§зҸӯз»„иЎЁ' ROW_FORMAT = Dynamic;

-- ----------------------------
-- Table structure for sp_work_team_user
-- ----------------------------
DROP TABLE IF EXISTS `sp_work_team_user`;
CREATE TABLE `sp_work_team_user`  (
  `id` varchar(64) CHARACTER SET utf8mb4 COLLATE utf8mb4_0900_ai_ci NOT NULL COMMENT 'дё»й”®id',
  `team_id` varchar(64) CHARACTER SET utf8mb4 COLLATE utf8mb4_0900_ai_ci NOT NULL COMMENT 'зҸӯз»„ID',
  `user_id` varchar(64) CHARACTER SET utf8mb4 COLLATE utf8mb4_0900_ai_ci NOT NULL COMMENT 'з”ЁжҲ·ID',
  `is_deleted` varchar(1) CHARACTER SET utf8mb4 COLLATE utf8mb4_0900_ai_ci NOT NULL COMMENT 'йҖ»иҫ‘еҲ йҷӨпјҡ1 иЎЁзӨәеҲ йҷӨпјҢ0 иЎЁзӨәжңӘеҲ йҷӨпјҢ2 иЎЁзӨәзҰҒз”Ё',
  `create_time` datetime(0) NOT NULL COMMENT 'еҲӣе»әж—¶й—ҙ',
  `create_username` varchar(64) CHARACTER SET utf8mb4 COLLATE utf8mb4_0900_ai_ci NOT NULL COMMENT 'еҲӣе»әдәә',
  `update_time` datetime(0) NOT NULL COMMENT 'жңҖеҗҺжӣҙж–°ж—¶й—ҙ',
  `update_username` varchar(64) CHARACTER SET utf8mb4 COLLATE utf8mb4_0900_ai_ci NOT NULL COMMENT 'жңҖеҗҺжӣҙж–°дәә',
  PRIMARY KEY (`id`) USING BTREE,
  INDEX `idx_team_id`(`team_id`) USING BTREE,
  INDEX `idx_user_id`(`user_id`) USING BTREE
) ENGINE = InnoDB CHARACTER SET = utf8mb4 COLLATE = utf8mb4_0900_ai_ci COMMENT = 'зҸӯз»„е‘ҳе·Ҙе…іиҒ”иЎЁ' ROW_FORMAT = Dynamic;

-- ----------------------------
-- Records of sp_work_team
-- ----------------------------
INSERT INTO `sp_work_team` (`id`, `code`, `name`, `line_name`, `descr`, `is_deleted`, `create_time`, `create_username`, `update_time`, `update_username`)
VALUES ('team_001', 'BZ001', 'з”ҹдә§дҪңдёҡзҸӯз»„1', 'дә§зәҝA', 'з¬¬дёҖз”ҹдә§дҪңдёҡзҸӯз»„', '0', NOW(), 'admin', NOW(), 'admin');

-- ----------------------------
-- Records of sp_work_team_user
-- ----------------------------
INSERT INTO `sp_work_team_user` (`id`, `team_id`, `user_id`, `is_deleted`, `create_time`, `create_username`, `update_time`, `update_username`)
VALUES ('tu_001', 'team_001', 'user_302', '0', NOW(), 'admin', NOW(), 'admin');

-- ----------------------------
-- Table structure for sp_process_unit
-- ----------------------------
DROP TABLE IF EXISTS `sp_process_unit`;
CREATE TABLE `sp_process_unit`  (
  `id` varchar(64) CHARACTER SET utf8mb4 COLLATE utf8mb4_0900_ai_ci NOT NULL COMMENT 'дё»й”®id',
  `code` varchar(64) CHARACTER SET utf8mb4 COLLATE utf8mb4_0900_ai_ci NOT NULL COMMENT 'еҠ е·ҘеҚ•е…ғд»Јз Ғ',
  `name` varchar(255) CHARACTER SET utf8mb4 COLLATE utf8mb4_0900_ai_ci NOT NULL COMMENT 'еҠ е·ҘеҚ•е…ғеҗҚз§°',
  `type` varchar(1) CHARACTER SET utf8mb4 COLLATE utf8mb4_0900_ai_ci NOT NULL COMMENT 'еҠ е·ҘеҚ•е…ғзұ»еһӢпјҡ1 дәәе‘ҳдҪңдёҡеҚ•е…ғпјҢ2 и®ҫеӨҮдҪңдёҡеҚ•е…ғ',
  `has_line_side_warehouse` varchar(1) CHARACTER SET utf8mb4 COLLATE utf8mb4_0900_ai_ci NOT NULL DEFAULT '0' COMMENT 'жҳҜеҗҰжңүзәҝиҫ№еә“пјҡ0 еҗҰпјҢ1 жҳҜ',
  `is_deleted` varchar(1) CHARACTER SET utf8mb4 COLLATE utf8mb4_0900_ai_ci NOT NULL COMMENT 'йҖ»иҫ‘еҲ йҷӨпјҡ1 иЎЁзӨәеҲ йҷӨпјҢ0 иЎЁзӨәжңӘеҲ йҷӨпјҢ2 иЎЁзӨәзҰҒз”Ё',
  `create_time` datetime(0) NOT NULL COMMENT 'еҲӣе»әж—¶й—ҙ',
  `create_username` varchar(64) CHARACTER SET utf8mb4 COLLATE utf8mb4_0900_ai_ci NOT NULL COMMENT 'еҲӣе»әдәә',
  `update_time` datetime(0) NOT NULL COMMENT 'жңҖеҗҺжӣҙж–°ж—¶й—ҙ',
  `update_username` varchar(64) CHARACTER SET utf8mb4 COLLATE utf8mb4_0900_ai_ci NOT NULL COMMENT 'жңҖеҗҺжӣҙж–°дәә',
  PRIMARY KEY (`id`) USING BTREE,
  UNIQUE INDEX `idx_sp_process_unit_code`(`code`) USING BTREE
) ENGINE = InnoDB CHARACTER SET = utf8mb4 COLLATE = utf8mb4_0900_ai_ci COMMENT = 'еҠ е·ҘеҚ•е…ғиЎЁ' ROW_FORMAT = Dynamic;

-- ----------------------------
-- Table structure for sp_process_unit_team
-- ----------------------------
DROP TABLE IF EXISTS `sp_process_unit_team`;
CREATE TABLE `sp_process_unit_team`  (
  `id` varchar(64) CHARACTER SET utf8mb4 COLLATE utf8mb4_0900_ai_ci NOT NULL COMMENT 'дё»й”®id',
  `process_unit_id` varchar(64) CHARACTER SET utf8mb4 COLLATE utf8mb4_0900_ai_ci NOT NULL COMMENT 'еҠ е·ҘеҚ•е…ғID',
  `team_id` varchar(64) CHARACTER SET utf8mb4 COLLATE utf8mb4_0900_ai_ci NOT NULL COMMENT 'зҸӯз»„ID',
  `is_deleted` varchar(1) CHARACTER SET utf8mb4 COLLATE utf8mb4_0900_ai_ci NOT NULL COMMENT 'йҖ»иҫ‘еҲ йҷӨпјҡ1 иЎЁзӨәеҲ йҷӨпјҢ0 иЎЁзӨәжңӘеҲ йҷӨпјҢ2 иЎЁзӨәзҰҒз”Ё',
  `create_time` datetime(0) NOT NULL COMMENT 'еҲӣе»әж—¶й—ҙ',
  `create_username` varchar(64) CHARACTER SET utf8mb4 COLLATE utf8mb4_0900_ai_ci NOT NULL COMMENT 'еҲӣе»әдәә',
  `update_time` datetime(0) NOT NULL COMMENT 'жңҖеҗҺжӣҙж–°ж—¶й—ҙ',
  `update_username` varchar(64) CHARACTER SET utf8mb4 COLLATE utf8mb4_0900_ai_ci NOT NULL COMMENT 'жңҖеҗҺжӣҙж–°дәә',
  PRIMARY KEY (`id`) USING BTREE,
  INDEX `idx_process_unit_id`(`process_unit_id`) USING BTREE,
  INDEX `idx_team_id`(`team_id`) USING BTREE
) ENGINE = InnoDB CHARACTER SET = utf8mb4 COLLATE = utf8mb4_0900_ai_ci COMMENT = 'еҠ е·ҘеҚ•е…ғзҸӯз»„е…іиҒ”иЎЁ' ROW_FORMAT = Dynamic;

-- ----------------------------
-- Records of sp_process_unit
-- ----------------------------
INSERT INTO `sp_process_unit` (`id`, `code`, `name`, `type`, `has_line_side_warehouse`, `is_deleted`, `create_time`, `create_username`, `update_time`, `update_username`)
VALUES ('pu_002', 'PU-2', 'з”өи„‘з»„иЈ…еҚ•е…ғ', '1', '0', '0', NOW(), 'admin', NOW(), 'admin');

-- ----------------------------
-- Records of sp_process_unit_team
-- ----------------------------
INSERT INTO `sp_process_unit_team` (`id`, `process_unit_id`, `team_id`, `is_deleted`, `create_time`, `create_username`, `update_time`, `update_username`)
VALUES ('put_001', 'pu_002', 'team_001', '0', NOW(), 'admin', NOW(), 'admin');

-- ----------------------------
-- Table structure for sp_process_unit_equipment_group
-- ----------------------------
DROP TABLE IF EXISTS `sp_process_unit_equipment_group`;
CREATE TABLE `sp_process_unit_equipment_group`  (
  `id` varchar(64) CHARACTER SET utf8mb4 COLLATE utf8mb4_0900_ai_ci NOT NULL COMMENT 'дё»й”®id',
  `process_unit_id` varchar(64) CHARACTER SET utf8mb4 COLLATE utf8mb4_0900_ai_ci NOT NULL COMMENT 'еҠ е·ҘеҚ•е…ғID',
  `equipment_group_id` varchar(64) CHARACTER SET utf8mb4 COLLATE utf8mb4_0900_ai_ci NOT NULL COMMENT 'и®ҫеӨҮзј–з»„ID',
  `is_deleted` varchar(1) CHARACTER SET utf8mb4 COLLATE utf8mb4_0900_ai_ci NOT NULL COMMENT 'йҖ»иҫ‘еҲ йҷӨпјҡ1 иЎЁзӨәеҲ йҷӨпјҢ0 иЎЁзӨәжңӘеҲ йҷӨпјҢ2 иЎЁзӨәзҰҒз”Ё',
  `create_time` datetime(0) NOT NULL COMMENT 'еҲӣе»әж—¶й—ҙ',
  `create_username` varchar(64) CHARACTER SET utf8mb4 COLLATE utf8mb4_0900_ai_ci NOT NULL COMMENT 'еҲӣе»әдәә',
  `update_time` datetime(0) NOT NULL COMMENT 'жңҖеҗҺжӣҙж–°ж—¶й—ҙ',
  `update_username` varchar(64) CHARACTER SET utf8mb4 COLLATE utf8mb4_0900_ai_ci NOT NULL COMMENT 'жңҖеҗҺжӣҙж–°дәә',
  PRIMARY KEY (`id`) USING BTREE,
  INDEX `idx_pu_id`(`process_unit_id`) USING BTREE,
  INDEX `idx_eg_id`(`equipment_group_id`) USING BTREE
) ENGINE = InnoDB CHARACTER SET = utf8mb4 COLLATE = utf8mb4_0900_ai_ci COMMENT = 'еҠ е·ҘеҚ•е…ғи®ҫеӨҮзј–з»„е…іиҒ”иЎЁ' ROW_FORMAT = Dynamic;

-- ----------------------------
-- Table structure for sp_equipment
-- ----------------------------
DROP TABLE IF EXISTS `sp_equipment`;
CREATE TABLE `sp_equipment`  (
  `id` varchar(64) CHARACTER SET utf8mb4 COLLATE utf8mb4_0900_ai_ci NOT NULL COMMENT 'дё»й”®id',
  `code` varchar(64) CHARACTER SET utf8mb4 COLLATE utf8mb4_0900_ai_ci NOT NULL COMMENT 'и®ҫеӨҮзј–еҸ·',
  `name` varchar(255) CHARACTER SET utf8mb4 COLLATE utf8mb4_0900_ai_ci NOT NULL COMMENT 'и®ҫеӨҮеҗҚз§°',
  `model_spec` varchar(255) CHARACTER SET utf8mb4 COLLATE utf8mb4_0900_ai_ci NULL DEFAULT NULL COMMENT 'и®ҫеӨҮеһӢеҸ·дёҺи§„ж ј',
  `connection_type` varchar(255) CHARACTER SET utf8mb4 COLLATE utf8mb4_0900_ai_ci NULL DEFAULT NULL COMMENT 'и®ҫеӨҮиҝһжҺҘж–№ејҸ',
  `status` varchar(1) CHARACTER SET utf8mb4 COLLATE utf8mb4_0900_ai_ci NULL DEFAULT '0' COMMENT 'зҠ¶жҖҒпјҡ0 з©әй—ІпјҢ1 дҪңдёҡдёӯ',
  `is_deleted` varchar(1) CHARACTER SET utf8mb4 COLLATE utf8mb4_0900_ai_ci NOT NULL COMMENT 'йҖ»иҫ‘еҲ йҷӨпјҡ1 иЎЁзӨәеҲ йҷӨпјҢ0 иЎЁзӨәжңӘеҲ йҷӨпјҢ2 иЎЁзӨәзҰҒз”Ё',
  `create_time` datetime(0) NOT NULL COMMENT 'еҲӣе»әж—¶й—ҙ',
  `create_username` varchar(64) CHARACTER SET utf8mb4 COLLATE utf8mb4_0900_ai_ci NOT NULL COMMENT 'еҲӣе»әдәә',
  `update_time` datetime(0) NOT NULL COMMENT 'жңҖеҗҺжӣҙж–°ж—¶й—ҙ',
  `update_username` varchar(64) CHARACTER SET utf8mb4 COLLATE utf8mb4_0900_ai_ci NOT NULL COMMENT 'жңҖеҗҺжӣҙж–°дәә',
  PRIMARY KEY (`id`) USING BTREE,
  UNIQUE INDEX `idx_sp_equipment_code`(`code`) USING BTREE
) ENGINE = InnoDB CHARACTER SET = utf8mb4 COLLATE = utf8mb4_0900_ai_ci COMMENT = 'з”ҹдә§и®ҫеӨҮиЎЁ' ROW_FORMAT = Dynamic;

-- ----------------------------
-- Table structure for sp_equipment_group
-- ----------------------------
DROP TABLE IF EXISTS `sp_equipment_group`;
CREATE TABLE `sp_equipment_group`  (
  `id` varchar(64) CHARACTER SET utf8mb4 COLLATE utf8mb4_0900_ai_ci NOT NULL COMMENT 'дё»й”®id',
  `code` varchar(64) CHARACTER SET utf8mb4 COLLATE utf8mb4_0900_ai_ci NOT NULL COMMENT 'зј–з»„д»Јз Ғ',
  `name` varchar(255) CHARACTER SET utf8mb4 COLLATE utf8mb4_0900_ai_ci NOT NULL COMMENT 'зј–з»„еҗҚз§°',
  `descr` varchar(255) CHARACTER SET utf8mb4 COLLATE utf8mb4_0900_ai_ci NULL DEFAULT NULL COMMENT 'зј–з»„жҸҸиҝ°',
  `is_deleted` varchar(1) CHARACTER SET utf8mb4 COLLATE utf8mb4_0900_ai_ci NOT NULL COMMENT 'йҖ»иҫ‘еҲ йҷӨпјҡ1 иЎЁзӨәеҲ йҷӨпјҢ0 иЎЁзӨәжңӘеҲ йҷӨпјҢ2 иЎЁзӨәзҰҒз”Ё',
  `create_time` datetime(0) NOT NULL COMMENT 'еҲӣе»әж—¶й—ҙ',
  `create_username` varchar(64) CHARACTER SET utf8mb4 COLLATE utf8mb4_0900_ai_ci NOT NULL COMMENT 'еҲӣе»әдәә',
  `update_time` datetime(0) NOT NULL COMMENT 'жңҖеҗҺжӣҙж–°ж—¶й—ҙ',
  `update_username` varchar(64) CHARACTER SET utf8mb4 COLLATE utf8mb4_0900_ai_ci NOT NULL COMMENT 'жңҖеҗҺжӣҙж–°дәә',
  PRIMARY KEY (`id`) USING BTREE,
  UNIQUE INDEX `idx_sp_equipment_group_code`(`code`) USING BTREE
) ENGINE = InnoDB CHARACTER SET = utf8mb4 COLLATE = utf8mb4_0900_ai_ci COMMENT = 'и®ҫеӨҮзј–з»„иЎЁ' ROW_FORMAT = Dynamic;

-- ----------------------------
-- Table structure for sp_equipment_group_item
-- ----------------------------
DROP TABLE IF EXISTS `sp_equipment_group_item`;
CREATE TABLE `sp_equipment_group_item`  (
  `id` varchar(64) CHARACTER SET utf8mb4 COLLATE utf8mb4_0900_ai_ci NOT NULL COMMENT 'дё»й”®id',
  `group_id` varchar(64) CHARACTER SET utf8mb4 COLLATE utf8mb4_0900_ai_ci NOT NULL COMMENT 'зј–з»„ID',
  `equipment_id` varchar(64) CHARACTER SET utf8mb4 COLLATE utf8mb4_0900_ai_ci NOT NULL COMMENT 'и®ҫеӨҮID',
  `is_deleted` varchar(1) CHARACTER SET utf8mb4 COLLATE utf8mb4_0900_ai_ci NOT NULL COMMENT 'йҖ»иҫ‘еҲ йҷӨпјҡ1 иЎЁзӨәеҲ йҷӨпјҢ0 иЎЁзӨәжңӘеҲ йҷӨпјҢ2 иЎЁзӨәзҰҒз”Ё',
  `create_time` datetime(0) NOT NULL COMMENT 'еҲӣе»әж—¶й—ҙ',
  `create_username` varchar(64) CHARACTER SET utf8mb4 COLLATE utf8mb4_0900_ai_ci NOT NULL COMMENT 'еҲӣе»әдәә',
  `update_time` datetime(0) NOT NULL COMMENT 'жңҖеҗҺжӣҙж–°ж—¶й—ҙ',
  `update_username` varchar(64) CHARACTER SET utf8mb4 COLLATE utf8mb4_0900_ai_ci NOT NULL COMMENT 'жңҖеҗҺжӣҙж–°дәә',
  PRIMARY KEY (`id`) USING BTREE,
  INDEX `idx_group_id`(`group_id`) USING BTREE,
  INDEX `idx_equipment_id`(`equipment_id`) USING BTREE
) ENGINE = InnoDB CHARACTER SET = utf8mb4 COLLATE = utf8mb4_0900_ai_ci COMMENT = 'и®ҫеӨҮзј–з»„е…іиҒ”иЎЁ' ROW_FORMAT = Dynamic;

-- ----------------------------
-- Records of sp_equipment
-- ----------------------------
INSERT INTO `sp_equipment` (`id`, `code`, `name`, `model_spec`, `connection_type`, `status`, `is_deleted`, `create_time`, `create_username`, `update_time`, `update_username`)
VALUES ('eq_001', 'Equip_ID001', 'DS11-1', 'DS-11', 'иҫ№зјҳжҷәиғҪзҪ‘е…і', '0', '0', NOW(), 'admin', NOW(), 'admin');

-- ----------------------------
-- Records of sp_equipment_group
-- ----------------------------
INSERT INTO `sp_equipment_group` (`id`, `code`, `name`, `descr`, `is_deleted`, `create_time`, `create_username`, `update_time`, `update_username`)
VALUES ('eg_001', 'EG-1', 'и®ҫеӨҮзј–з»„1', 'з¬¬дёҖи®ҫеӨҮзј–з»„', '0', NOW(), 'admin', NOW(), 'admin');

-- ----------------------------
-- Records of sp_equipment_group_item
-- ----------------------------
INSERT INTO `sp_equipment_group_item` (`id`, `group_id`, `equipment_id`, `is_deleted`, `create_time`, `create_username`, `update_time`, `update_username`)
VALUES ('egi_001', 'eg_001', 'eq_001', '0', NOW(), 'admin', NOW(), 'admin');

SET FOREIGN_KEY_CHECKS = 1;

-- ----------------------------
-- Table structure for sp_sys_role
-- ----------------------------
DROP TABLE IF EXISTS `sp_sys_role`;
CREATE TABLE `sp_sys_role`  (
  `id` varchar(64) CHARACTER SET utf8mb4 COLLATE utf8mb4_0900_ai_ci NOT NULL COMMENT 'дё»й”®id',
  `name` varchar(64) CHARACTER SET utf8mb4 COLLATE utf8mb4_0900_ai_ci NOT NULL COMMENT 'и§’иүІеҗҚз§°',
  `code` varchar(32) CHARACTER SET utf8mb4 COLLATE utf8mb4_0900_ai_ci NOT NULL COMMENT 'и§’иүІзј–з Ғ',
  `descr` varchar(255) CHARACTER SET utf8mb4 COLLATE utf8mb4_0900_ai_ci NULL DEFAULT '\"\"' COMMENT 'и§’иүІжҸҸиҝ°',
  `sys_role` varchar(1) CHARACTER SET utf8mb4 COLLATE utf8mb4_0900_ai_ci NULL DEFAULT '0' COMMENT 'зі»з»ҹи§’иүІпјҲ1пјҡжҳҜпјҢ0пјҡеҗҰпјү',
  `is_deleted` varchar(2) CHARACTER SET utf8mb4 COLLATE utf8mb4_0900_ai_ci NOT NULL COMMENT 'йҖ»иҫ‘еҲ йҷӨпјҡ1 иЎЁзӨәеҲ йҷӨпјҢ0 иЎЁзӨәжңӘеҲ йҷӨпјҢ2 иЎЁзӨәзҰҒз”Ё',
  `create_time` datetime(0) NOT NULL COMMENT 'еҲӣе»әж—¶й—ҙ',
  `create_username` varchar(64) CHARACTER SET utf8mb4 COLLATE utf8mb4_0900_ai_ci NOT NULL COMMENT 'еҲӣе»әдәә',
  `update_time` datetime(0) NOT NULL COMMENT 'жңҖеҗҺжӣҙж–°ж—¶й—ҙ',
  `update_username` varchar(64) CHARACTER SET utf8mb4 COLLATE utf8mb4_0900_ai_ci NULL DEFAULT NULL COMMENT 'жңҖеҗҺжӣҙж–°дәә',
  PRIMARY KEY (`id`) USING BTREE,
  UNIQUE INDEX `idx_sp_sys_role_name`(`name`) USING BTREE,
  UNIQUE INDEX `idx_sp_sys_role_code`(`code`) USING BTREE
) ENGINE = InnoDB CHARACTER SET = utf8mb4 COLLATE = utf8mb4_0900_ai_ci COMMENT = 'и§’иүІиЎЁ' ROW_FORMAT = Dynamic;

-- ----------------------------
-- Records of sp_sys_role
-- ----------------------------
INSERT INTO `sp_sys_role` VALUES ('1185025876737396738', 'и¶…зә§з®ЎзҗҶе‘ҳ', 'admin', 'и¶…зә§з®ЎзҗҶе‘ҳ', '1', '0', '2019-10-18 10:52:40', 'SongPeng', '2020-03-13 14:06:43', 'admin');
INSERT INTO `sp_sys_role` VALUES ('1232532514523213826', 'жёёе®ў', 'experience', 'дҪ“йӘҢиҖ…', '0', '0', '2020-02-26 13:07:05', 'admin', '2020-06-03 15:05:59', 'admin');

-- ----------------------------
-- Table structure for sp_sys_role_menu
-- ----------------------------
DROP TABLE IF EXISTS `sp_sys_role_menu`;
CREATE TABLE `sp_sys_role_menu`  (
  `id` varchar(64) CHARACTER SET utf8mb4 COLLATE utf8mb4_0900_ai_ci NOT NULL COMMENT 'дё»й”®id',
  `role_id` varchar(64) CHARACTER SET utf8mb4 COLLATE utf8mb4_0900_ai_ci NOT NULL COMMENT 'и§’иүІid',
  `menu_id` varchar(64) CHARACTER SET utf8mb4 COLLATE utf8mb4_0900_ai_ci NOT NULL COMMENT 'иҸңеҚ•id',
  `create_time` datetime(0) NOT NULL COMMENT 'еҲӣе»әж—¶й—ҙ',
  `create_username` varchar(64) CHARACTER SET utf8mb4 COLLATE utf8mb4_0900_ai_ci NOT NULL COMMENT 'еҲӣе»әдәә',
  `update_time` datetime(0) NOT NULL COMMENT 'жңҖеҗҺжӣҙж–°ж—¶й—ҙ',
  `update_username` varchar(64) CHARACTER SET utf8mb4 COLLATE utf8mb4_0900_ai_ci NOT NULL COMMENT 'жңҖеҗҺжӣҙж–°дәә',
  PRIMARY KEY (`id`) USING BTREE
) ENGINE = InnoDB CHARACTER SET = utf8mb4 COLLATE = utf8mb4_0900_ai_ci COMMENT = 'и§’иүІеҜ№еә”зҡ„иҸңеҚ•иЎЁ' ROW_FORMAT = Dynamic;

-- ----------------------------
-- Records of sp_sys_role_menu
-- ----------------------------
INSERT INTO `sp_sys_role_menu` VALUES ('1', '1185025876737396738', '1', '2019-10-28 14:51:44', 'admin', '2019-10-28 14:51:56', 'admin');
INSERT INTO `sp_sys_role_menu` VALUES ('2', '1185025876737396738', '2', '2019-10-28 14:51:44', 'admin', '2019-10-28 14:51:56', 'admin');
INSERT INTO `sp_sys_role_menu` VALUES ('3', '1185025876737396738', '3', '2019-10-28 14:51:44', 'admin', '2019-10-28 14:51:56', 'admin');
INSERT INTO `sp_sys_role_menu` VALUES ('4', '1185025876737396738', '101', '2019-10-28 14:51:44', 'admin', '2019-10-28 14:51:56', 'admin');
INSERT INTO `sp_sys_role_menu` VALUES ('5', '1185025876737396738', '102', '2019-10-28 14:51:44', 'admin', '2019-10-28 14:51:56', 'admin');
INSERT INTO `sp_sys_role_menu` VALUES ('6', '1185025876737396738', '103', '2019-10-28 14:51:44', 'admin', '2019-10-28 14:51:56', 'admin');
INSERT INTO `sp_sys_role_menu` VALUES ('7', '1185025876737396738', '104', '2019-10-28 14:51:44', 'admin', '2019-10-28 14:51:56', 'admin');

-- ----------------------------
-- Table structure for sp_sys_user
-- ----------------------------
DROP TABLE IF EXISTS `sp_sys_user`;
CREATE TABLE `sp_sys_user`  (
  `id` varchar(64) CHARACTER SET utf8mb4 COLLATE utf8mb4_0900_ai_ci NOT NULL COMMENT 'дё»й”®id',
  `name` varchar(64) CHARACTER SET utf8mb4 COLLATE utf8mb4_0900_ai_ci NOT NULL COMMENT 'е§“еҗҚ',
  `username` varchar(128) CHARACTER SET utf8mb4 COLLATE utf8mb4_0900_ai_ci NOT NULL COMMENT 'з”ЁжҲ·еҗҚ',
  `password` varchar(64) CHARACTER SET utf8mb4 COLLATE utf8mb4_0900_ai_ci NOT NULL COMMENT 'еҜҶз Ғ',
  `dept_id` varchar(64) CHARACTER SET utf8mb4 COLLATE utf8mb4_0900_ai_ci NULL DEFAULT '\"\"' COMMENT 'йғЁй—Ёid',
  `email` varchar(64) CHARACTER SET utf8mb4 COLLATE utf8mb4_0900_ai_ci NULL DEFAULT '\"\"' COMMENT 'йӮ®з®ұ',
  `mobile` varchar(32) CHARACTER SET utf8mb4 COLLATE utf8mb4_0900_ai_ci NOT NULL COMMENT 'жүӢжңәеҸ·',
  `tel` varchar(32) CHARACTER SET utf8mb4 COLLATE utf8mb4_0900_ai_ci NULL DEFAULT '\"\"' COMMENT 'еӣәе®ҡз”өиҜқ',
  `sex` char(1) CHARACTER SET utf8mb4 COLLATE utf8mb4_0900_ai_ci NOT NULL COMMENT 'жҖ§еҲ«(0:еҘі;1:з”·;2:е…¶д»–)',
  `birthday` datetime(0) NULL DEFAULT NULL COMMENT 'еҮәз”ҹе№ҙжңҲж—Ҙ',
  `pic_id` varchar(64) CHARACTER SET utf8mb4 COLLATE utf8mb4_0900_ai_ci NULL DEFAULT '\"\"' COMMENT 'еӣҫзүҮidпјҢеҜ№еә”sys_fileиЎЁдёӯзҡ„id',
  `id_card` varchar(32) CHARACTER SET utf8mb4 COLLATE utf8mb4_0900_ai_ci NULL DEFAULT '\"\"' COMMENT 'иә«д»ҪиҜҒ',
  `hobby` varchar(255) CHARACTER SET utf8mb4 COLLATE utf8mb4_0900_ai_ci NULL DEFAULT '\"\"' COMMENT 'зҲұеҘҪ',
  `province` varchar(128) CHARACTER SET utf8mb4 COLLATE utf8mb4_0900_ai_ci NULL DEFAULT '\"\"' COMMENT 'зңҒд»Ҫ',
  `city` varchar(128) CHARACTER SET utf8mb4 COLLATE utf8mb4_0900_ai_ci NULL DEFAULT '\"\"' COMMENT 'еҹҺеёӮ',
  `district` varchar(128) CHARACTER SET utf8mb4 COLLATE utf8mb4_0900_ai_ci NULL DEFAULT '\"\"' COMMENT 'еҢәеҺҝ',
  `street` varchar(128) CHARACTER SET utf8mb4 COLLATE utf8mb4_0900_ai_ci NULL DEFAULT '\"\"' COMMENT 'иЎ—йҒ“',
  `street_number` varchar(64) CHARACTER SET utf8mb4 COLLATE utf8mb4_0900_ai_ci NULL DEFAULT '\"\"' COMMENT 'й—ЁзүҢеҸ·',
  `descr` varchar(255) CHARACTER SET utf8mb4 COLLATE utf8mb4_0900_ai_ci NULL DEFAULT '\"\"' COMMENT 'жҸҸиҝ°',
  `is_deleted` varchar(1) CHARACTER SET utf8mb4 COLLATE utf8mb4_0900_ai_ci NOT NULL COMMENT 'йҖ»иҫ‘еҲ йҷӨпјҡ1 иЎЁзӨәеҲ йҷӨпјҢ0 иЎЁзӨәжңӘеҲ йҷӨпјҢ2 иЎЁзӨәзҰҒз”Ё',
  `create_time` datetime(0) NOT NULL COMMENT 'еҲӣе»әж—¶й—ҙ',
  `create_username` varchar(64) CHARACTER SET utf8mb4 COLLATE utf8mb4_0900_ai_ci NOT NULL COMMENT 'еҲӣе»әдәә',
  `update_time` datetime(0) NOT NULL COMMENT 'жңҖеҗҺжӣҙж–°ж—¶й—ҙ',
  `update_username` varchar(64) CHARACTER SET utf8mb4 COLLATE utf8mb4_0900_ai_ci NOT NULL COMMENT 'жңҖеҗҺжӣҙж–°дәә',
  PRIMARY KEY (`id`) USING BTREE,
  UNIQUE INDEX `idx_sp_sys_user_username`(`username`) USING BTREE COMMENT 'з”ЁжҲ·еҗҚе”ҜдёҖзҙўеј•',
  UNIQUE INDEX `idx_sp_sys_user_mobile`(`mobile`) USING BTREE COMMENT 'з”ЁжҲ·жүӢжңәеҸ·е”ҜдёҖзҙўеј•',
  INDEX `idx_sp_sys_user_email`(`email`) USING BTREE COMMENT 'з”ЁжҲ·йӮ®з®ұе”ҜдёҖзҙўеј•',
  INDEX `idx_sp_sys_user_id_card`(`id_card`) USING BTREE
) ENGINE = InnoDB CHARACTER SET = utf8mb4 COLLATE = utf8mb4_0900_ai_ci COMMENT = 'з”ЁжҲ·дҝЎжҒҜиЎЁ' ROW_FORMAT = Dynamic;

-- ----------------------------
-- Records of sp_sys_user
-- ----------------------------
INSERT INTO `sp_sys_user` VALUES ('1184019107907227649', 'и¶…зә§з®ЎзҗҶе‘ҳ', 'admin', '9d7281eeaebded0b091340cfa658a7e8', '11', '', '13776337796', '44', '0', NULL, '55', '66', '77', '88', '99', '10', '11', '12', '13', '0', '2019-10-15 16:12:08', 'SongPeng', '2020-03-24 11:08:22', 'admin');

-- ----------------------------
-- Table structure for sp_sys_user_role
-- ----------------------------
DROP TABLE IF EXISTS `sp_sys_user_role`;
CREATE TABLE `sp_sys_user_role`  (
  `id` varchar(64) CHARACTER SET utf8mb4 COLLATE utf8mb4_0900_ai_ci NOT NULL COMMENT 'дё»й”®id',
  `user_id` varchar(64) CHARACTER SET utf8mb4 COLLATE utf8mb4_0900_ai_ci NOT NULL COMMENT 'з”ЁжҲ·id',
  `role_id` varchar(64) CHARACTER SET utf8mb4 COLLATE utf8mb4_0900_ai_ci NOT NULL COMMENT 'и§’иүІid',
  `create_time` datetime(0) NOT NULL COMMENT 'еҲӣе»әж—¶й—ҙ',
  `create_username` varchar(64) CHARACTER SET utf8mb4 COLLATE utf8mb4_0900_ai_ci NOT NULL COMMENT 'еҲӣе»әдәә',
  `update_time` datetime(0) NOT NULL COMMENT 'жңҖеҗҺжӣҙж–°ж—¶й—ҙ',
  `update_username` varchar(64) CHARACTER SET utf8mb4 COLLATE utf8mb4_0900_ai_ci NOT NULL COMMENT 'жңҖеҗҺжӣҙж–°дәә',
  PRIMARY KEY (`id`) USING BTREE
) ENGINE = InnoDB CHARACTER SET = utf8mb4 COLLATE = utf8mb4_0900_ai_ci COMMENT = 'з”ЁжҲ·еҜ№еә”зҡ„и§’иүІиЎЁ' ROW_FORMAT = Dynamic;

-- ----------------------------
-- Records of sp_sys_user_role
-- ----------------------------
INSERT INTO `sp_sys_user_role` VALUES ('1242287110472966146', '1184019107907227649', '1185025876737396738', '2020-03-24 11:08:22', 'admin', '2020-03-24 11:08:22', 'admin');
INSERT INTO `sp_sys_user_role` VALUES ('1267739082731270146', '1266201180838801409', '1336542182244384', '2020-06-02 16:45:25', 'admin', '2020-06-02 16:45:25', 'admin');
INSERT INTO `sp_sys_user_role` VALUES ('1280381244774002690', '1276512902757724162', '1232532514523213826', '2020-07-07 14:00:52', 'admin', '2020-07-07 14:00:52', 'admin');

-- ----------------------------
-- Table structure for sp_table_manager
-- ----------------------------
DROP TABLE IF EXISTS `sp_table_manager`;
CREATE TABLE `sp_table_manager`  (
  `id` varchar(64) CHARACTER SET utf8mb4 COLLATE utf8mb4_0900_ai_ci NOT NULL COMMENT 'дё»й”®',
  `table_name` varchar(255) CHARACTER SET utf8mb4 COLLATE utf8mb4_0900_ai_ci NOT NULL COMMENT 'иЎЁеҗҚз§°',
  `table_desc` varchar(255) CHARACTER SET utf8mb4 COLLATE utf8mb4_0900_ai_ci NULL DEFAULT NULL COMMENT 'иЎЁжҸҸиҝ°',
  `create_time` datetime(0) NOT NULL COMMENT 'еҲӣе»әж—¶й—ҙ',
  `create_username` varchar(64) CHARACTER SET utf8mb4 COLLATE utf8mb4_0900_ai_ci NOT NULL COMMENT 'еҲӣе»әдәә',
  `update_time` datetime(0) NOT NULL COMMENT 'жңҖеҗҺжӣҙж–°ж—¶й—ҙ',
  `update_username` varchar(64) CHARACTER SET utf8mb4 COLLATE utf8mb4_0900_ai_ci NOT NULL COMMENT 'жңҖеҗҺжӣҙж–°дәә',
  `is_deleted` varchar(1) CHARACTER SET utf8mb4 COLLATE utf8mb4_0900_ai_ci NOT NULL COMMENT 'йҖ»иҫ‘еҲ йҷӨпјҡ1 иЎЁзӨәеҲ йҷӨпјҢ0 иЎЁзӨәжңӘеҲ йҷӨпјҢ2 иЎЁзӨәзҰҒз”Ё',
  `permission` varchar(255) CHARACTER SET utf8mb4 COLLATE utf8mb4_0900_ai_ci NOT NULL DEFAULT '\"\"' COMMENT 'жҺҲжқғ(еӨҡдёӘз”ЁйҖ—еҸ·еҲҶйҡ”пјҢеҰӮпјҡsys:menu:list,sys:menu:create)',
  PRIMARY KEY (`id`) USING BTREE,
  UNIQUE INDEX `index1`(`table_name`) USING BTREE
) ENGINE = InnoDB CHARACTER SET = utf8mb4 COLLATE = utf8mb4_0900_ai_ci COMMENT = 'дё»ж•°жҚ®йҖҡз”Ёз®ЎзҗҶ' ROW_FORMAT = Dynamic;

-- ----------------------------
-- Records of sp_table_manager
-- ----------------------------
INSERT INTO `sp_table_manager` VALUES ('1283020801696837633', 'sp_bom', '', '2020-07-14 20:49:31', 'admin', '2020-07-14 20:49:31', 'admin', '0', '\"\"');

-- ----------------------------
-- Table structure for sp_table_manager_item
-- ----------------------------
DROP TABLE IF EXISTS `sp_table_manager_item`;
CREATE TABLE `sp_table_manager_item`  (
  `id` varchar(64) CHARACTER SET utf8mb4 COLLATE utf8mb4_0900_ai_ci NOT NULL COMMENT 'дё»й”®',
  `table_name_id` varchar(255) CHARACTER SET utf8mb4 COLLATE utf8mb4_0900_ai_ci NOT NULL COMMENT 'иЎЁеҗҚз§°id',
  `field` varchar(255) CHARACTER SET utf8mb4 COLLATE utf8mb4_0900_ai_ci NULL DEFAULT NULL COMMENT 'еӯ—ж®ө',
  `field_desc` varchar(255) CHARACTER SET utf8mb4 COLLATE utf8mb4_0900_ai_ci NULL DEFAULT NULL COMMENT 'еӯ—ж®өжҸҸиҝ°',
  `must_fill` varchar(1) CHARACTER SET utf8mb4 COLLATE utf8mb4_0900_ai_ci NOT NULL COMMENT 'жҳҜеҗҰеҝ…еЎ«',
  `sort_num` int(11) NOT NULL COMMENT 'жҺ’еәҸ',
  `create_time` datetime(0) NOT NULL COMMENT 'еҲӣе»әж—¶й—ҙ',
  `create_username` varchar(64) CHARACTER SET utf8mb4 COLLATE utf8mb4_0900_ai_ci NOT NULL COMMENT 'еҲӣе»әдәә',
  `update_time` datetime(0) NOT NULL COMMENT 'жңҖеҗҺжӣҙж–°ж—¶й—ҙ',
  `update_username` varchar(64) CHARACTER SET utf8mb4 COLLATE utf8mb4_0900_ai_ci NOT NULL COMMENT 'жңҖеҗҺжӣҙж–°дәә',
  PRIMARY KEY (`id`) USING BTREE
) ENGINE = InnoDB CHARACTER SET = utf8mb4 COLLATE = utf8mb4_0900_ai_ci COMMENT = 'дё»ж•°жҚ®еҹәзЎҖж•°жҚ®жҳҺз»ҶиЎЁ' ROW_FORMAT = Dynamic;

-- ----------------------------
-- Records of sp_table_manager_item
-- ----------------------------
INSERT INTO `sp_table_manager_item` VALUES ('1283020801742974978', '1283020801696837633', 'materiel_desc', '888', 'Y', 1, '2020-07-14 20:49:31', 'admin', '2020-07-14 20:49:31', 'admin');

-- ----------------------------
-- Table structure for sp_work_shop
-- ----------------------------
DROP TABLE IF EXISTS `sp_work_shop`;
CREATE TABLE `sp_work_shop`  (
  `id` varchar(64) CHARACTER SET utf8mb4 COLLATE utf8mb4_0900_ai_ci NOT NULL COMMENT 'дё»й”®id',
  `work_shop` varchar(255) CHARACTER SET utf8mb4 COLLATE utf8mb4_0900_ai_ci NULL DEFAULT NULL,
  `work_shop_desc` varchar(255) CHARACTER SET utf8mb4 COLLATE utf8mb4_0900_ai_ci NULL DEFAULT NULL,
  `create_time` datetime(0) NOT NULL COMMENT 'еҲӣе»әж—¶й—ҙ',
  `create_username` varchar(64) CHARACTER SET utf8mb4 COLLATE utf8mb4_0900_ai_ci NOT NULL COMMENT 'еҲӣе»әдәә',
  `update_time` datetime(0) NOT NULL COMMENT 'жңҖеҗҺжӣҙж–°ж—¶й—ҙ',
  `update_username` varchar(64) CHARACTER SET utf8mb4 COLLATE utf8mb4_0900_ai_ci NOT NULL COMMENT 'жңҖеҗҺжӣҙж–°дәә',
  PRIMARY KEY (`id`) USING BTREE
) ENGINE = InnoDB CHARACTER SET = utf8mb4 COLLATE = utf8mb4_0900_ai_ci COMMENT = 'е·ҘдҪңиҪҰй—ҙиЎЁ' ROW_FORMAT = Dynamic;

-- ----------------------------
-- Records of sp_work_shop
-- ----------------------------
INSERT INTO `sp_work_shop` VALUES ('1336875254022176', 'DC-иҪҰй—ҙ1', 'з”өжұ з»„иЈ…иҪҰй—ҙ', '2020-03-14 11:29:57', 'admin', '2020-03-18 10:52:39', 'admin');
INSERT INTO `sp_work_shop` VALUES ('1336875591663648', 'DC-JS01', 'еҠ й…ёиҪҰй—ҙ', '2020-03-14 11:32:38', 'admin', '2020-03-14 11:32:38', 'admin');

-- ============================================================================
-- MES зі»з»ҹи§’иүІдёҺз”ЁжҲ·еҲқе§ӢеҢ–ж•°жҚ®пјҲе”Ҝе®һз”өеӯҗз§‘жҠҖе…¬еҸёз”ҹдә§иҪҰй—ҙпјү
-- ============================================================================

-- ----------------------------------------------------------------------------
-- з¬¬дёҖйғЁеҲҶпјҡж–°еўһи§’иүІ (sp_sys_role)
-- ----------------------------------------------------------------------------
-- и§’иүІеҗҚз§°дёҺи§’иүІзј–з Ғе…·жңүе”ҜдёҖжҖ§пјҲж•°жҚ®еә“жңү UNIQUE INDEXпјү
-- е…ҲеҲ йҷӨеҸҜиғҪе·ІеӯҳеңЁзҡ„и®°еҪ•пјҲеҰӮйңҖйҮҚеӨҚжү§иЎҢпјү
DELETE FROM `sp_sys_role` WHERE `id` LIKE 'role_%';

INSERT INTO `sp_sys_role` (`id`, `name`, `code`, `descr`, `sys_role`, `is_deleted`, `create_time`, `create_username`, `update_time`, `update_username`)
VALUES
('role_data_clerk',      'ж•°жҚ®е‘ҳ',       'data_clerk',       'иҜҘи§’иүІдә«жңүеҹәзЎҖж•°жҚ®дёӯеҝғжқғйҷҗпјҢиҙҹиҙЈеҹәзЎҖж•°жҚ®з»ҙжҠӨдёҺз®ЎзҗҶ',                '0', '0', NOW(), 'admin', NOW(), 'admin'),
('role_process_eng',     'е·Ҙиүәе‘ҳ',       'process_eng',      'иҙҹиҙЈе·Ҙиүәи·Ҝзәҝе’ҢBOMз®ЎзҗҶ',                                              '0', '0', NOW(), 'admin', NOW(), 'admin'),
('role_prod_planner',    'з”ҹдә§и®ЎеҲ’е‘ҳ',   'prod_planner',     'иҙҹиҙЈз”ҹдә§и®ЎеҲ’дёҺе·ҘеҚ•дёӢиҫҫ',                                            '0', '0', NOW(), 'admin', NOW(), 'admin'),
('role_prod_supervisor', 'з”ҹдә§дё»з®Ў',     'prod_supervisor',  'иҙҹиҙЈз”ҹдә§е…Ёйқўз®ЎзҗҶпјҢеҢ…жӢ¬и®ЎеҲ’гҖҒзү©ж–ҷгҖҒе·ҘиүәгҖҒеңЁеҲ¶е“Ғ',                      '0', '0', NOW(), 'admin', NOW(), 'admin'),
('role_prod_operator',   'з”ҹдә§дҪңдёҡе‘ҳ',   'prod_operator',    'иҙҹиҙЈз”ҹдә§дҪңдёҡжү§иЎҢдёҺеңЁеҲ¶е“Ғи·ҹиёӘ',                                      '0', '0', NOW(), 'admin', NOW(), 'admin'),
('role_warehouse_mgr',   'еә“жҲҝз®ЎзҗҶе‘ҳ',   'warehouse_mgr',    'иҙҹиҙЈзү©ж–ҷз®ЎзҗҶдёҺеә“еӯҳз»ҙжҠӨ',                                            '0', '0', NOW(), 'admin', NOW(), 'admin'),
('role_quality_mgr',     'иҙЁйҮҸз®ЎзҗҶе‘ҳ',   'quality_mgr',      'иҙҹиҙЈиҙЁйҮҸжЈҖйӘҢдёҺиҙЁйҮҸз®ЎзҗҶ',                                            '0', '0', NOW(), 'admin', NOW(), 'admin'),
('role_equipment_mgr',   'и®ҫеӨҮз®ЎзҗҶе‘ҳ',   'equipment_mgr',    'иҙҹиҙЈи®ҫеӨҮз®ЎзҗҶдёҺз»ҙжҠӨ',                                                '0', '0', NOW(), 'admin', NOW(), 'admin');

-- ----------------------------------------------------------------------------
-- з¬¬дәҢйғЁеҲҶпјҡи§’иүІ-иҸңеҚ•жқғйҷҗеҲҶй…Қ (sp_sys_role_menu)
-- ----------------------------------------------------------------------------
-- е…Ҳжё…йҷӨиҝҷдәӣи§’иүІеҸҜиғҪе·ІеӯҳеңЁзҡ„иҸңеҚ•е…іиҒ”
DELETE FROM `sp_sys_role_menu` WHERE `role_id` LIKE 'role_%';

-- 1. ж•°жҚ®е‘ҳ - еҹәзЎҖж•°жҚ®дёӯеҝғжқғйҷҗ
INSERT INTO `sp_sys_role_menu` (`id`, `role_id`, `menu_id`, `create_time`, `create_username`, `update_time`, `update_username`)
VALUES
('rm_dc_01', 'role_data_clerk', '1',   NOW(), 'admin', NOW(), 'admin'),
('rm_dc_02', 'role_data_clerk', '10',  NOW(), 'admin', NOW(), 'admin'),
('rm_dc_03', 'role_data_clerk', '105', NOW(), 'admin', NOW(), 'admin'),
('rm_dc_04', 'role_data_clerk', '106', NOW(), 'admin', NOW(), 'admin');

-- 2. е·Ҙиүәе‘ҳ - е·Ҙиүәз®ЎзҗҶжқғйҷҗ
INSERT INTO `sp_sys_role_menu` (`id`, `role_id`, `menu_id`, `create_time`, `create_username`, `update_time`, `update_username`)
VALUES
('rm_pe_01', 'role_process_eng', '1',   NOW(), 'admin', NOW(), 'admin'),
('rm_pe_02', 'role_process_eng', '15',  NOW(), 'admin', NOW(), 'admin'),
('rm_pe_03', 'role_process_eng', '151', NOW(), 'admin', NOW(), 'admin'),
('rm_pe_04', 'role_process_eng', '152', NOW(), 'admin', NOW(), 'admin');

-- 3. з”ҹдә§и®ЎеҲ’е‘ҳ - и®ЎеҲ’з®ЎзҗҶжқғйҷҗ
INSERT INTO `sp_sys_role_menu` (`id`, `role_id`, `menu_id`, `create_time`, `create_username`, `update_time`, `update_username`)
VALUES
('rm_pp_01', 'role_prod_planner', '1',   NOW(), 'admin', NOW(), 'admin'),
('rm_pp_02', 'role_prod_planner', '12',  NOW(), 'admin', NOW(), 'admin'),
('rm_pp_03', 'role_prod_planner', '121', NOW(), 'admin', NOW(), 'admin');

-- 4. з”ҹдә§дё»з®Ў - з”ҹдә§е…Ёйқўз®ЎзҗҶ
INSERT INTO `sp_sys_role_menu` (`id`, `role_id`, `menu_id`, `create_time`, `create_username`, `update_time`, `update_username`)
VALUES
('rm_ps_01',  'role_prod_supervisor', '1',   NOW(), 'admin', NOW(), 'admin'),
('rm_ps_02',  'role_prod_supervisor', '12',  NOW(), 'admin', NOW(), 'admin'),
('rm_ps_03',  'role_prod_supervisor', '121', NOW(), 'admin', NOW(), 'admin'),
('rm_ps_04',  'role_prod_supervisor', '13',  NOW(), 'admin', NOW(), 'admin'),
('rm_ps_05',  'role_prod_supervisor', '131', NOW(), 'admin', NOW(), 'admin'),
('rm_ps_06',  'role_prod_supervisor', '15',  NOW(), 'admin', NOW(), 'admin'),
('rm_ps_07',  'role_prod_supervisor', '151', NOW(), 'admin', NOW(), 'admin'),
('rm_ps_08',  'role_prod_supervisor', '152', NOW(), 'admin', NOW(), 'admin'),
('rm_ps_09',  'role_prod_supervisor', '16',  NOW(), 'admin', NOW(), 'admin'),
('rm_ps_10',  'role_prod_supervisor', '161', NOW(), 'admin', NOW(), 'admin');

-- 5. з”ҹдә§дҪңдёҡе‘ҳ - з”ҹдә§дҪңдёҡжү§иЎҢ
INSERT INTO `sp_sys_role_menu` (`id`, `role_id`, `menu_id`, `create_time`, `create_username`, `update_time`, `update_username`)
VALUES
('rm_po_01', 'role_prod_operator', '1',   NOW(), 'admin', NOW(), 'admin'),
('rm_po_02', 'role_prod_operator', '12',  NOW(), 'admin', NOW(), 'admin'),
('rm_po_03', 'role_prod_operator', '121', NOW(), 'admin', NOW(), 'admin'),
('rm_po_04', 'role_prod_operator', '16',  NOW(), 'admin', NOW(), 'admin'),
('rm_po_05', 'role_prod_operator', '161', NOW(), 'admin', NOW(), 'admin');

-- 6. еә“жҲҝз®ЎзҗҶе‘ҳ - зү©ж–ҷ/еә“еӯҳз®ЎзҗҶ
INSERT INTO `sp_sys_role_menu` (`id`, `role_id`, `menu_id`, `create_time`, `create_username`, `update_time`, `update_username`)
VALUES
('rm_wm_01', 'role_warehouse_mgr', '1',   NOW(), 'admin', NOW(), 'admin'),
('rm_wm_02', 'role_warehouse_mgr', '13',  NOW(), 'admin', NOW(), 'admin'),
('rm_wm_03', 'role_warehouse_mgr', '131', NOW(), 'admin', NOW(), 'admin');

-- 7. иҙЁйҮҸз®ЎзҗҶе‘ҳ - иҙЁйҮҸз®ЎзҗҶ
INSERT INTO `sp_sys_role_menu` (`id`, `role_id`, `menu_id`, `create_time`, `create_username`, `update_time`, `update_username`)
VALUES
('rm_qm_01', 'role_quality_mgr', '1',   NOW(), 'admin', NOW(), 'admin'),
('rm_qm_02', 'role_quality_mgr', '10',  NOW(), 'admin', NOW(), 'admin'),
('rm_qm_03', 'role_quality_mgr', '105', NOW(), 'admin', NOW(), 'admin'),
('rm_qm_04', 'role_quality_mgr', '106', NOW(), 'admin', NOW(), 'admin');

-- 8. и®ҫеӨҮз®ЎзҗҶе‘ҳ - и®ҫеӨҮз®ЎзҗҶ
INSERT INTO `sp_sys_role_menu` (`id`, `role_id`, `menu_id`, `create_time`, `create_username`, `update_time`, `update_username`)
VALUES
('rm_em_01', 'role_equipment_mgr', '1',   NOW(), 'admin', NOW(), 'admin'),
('rm_em_02', 'role_equipment_mgr', '10',  NOW(), 'admin', NOW(), 'admin'),
('rm_em_03', 'role_equipment_mgr', '105', NOW(), 'admin', NOW(), 'admin'),
('rm_em_04', 'role_equipment_mgr', '106', NOW(), 'admin', NOW(), 'admin'),
('rm_em_05', 'role_equipment_mgr', '108', NOW(), 'admin', NOW(), 'admin'),
('rm_em_06', 'role_equipment_mgr', '109', NOW(), 'admin', NOW(), 'admin'),
('rm_em_07', 'role_equipment_mgr', '110', NOW(), 'admin', NOW(), 'admin');

-- ----------------------------------------------------------------------------
-- з¬¬дёүйғЁеҲҶпјҡж–°еўһз”ЁжҲ· (sp_sys_user)
-- ----------------------------------------------------------------------------
-- еҜҶз ҒдҪҝз”Ё MD5 еҠ еҜҶпјҢй»ҳи®ӨеҜҶз Ғдёә 123456
-- жіЁж„Ҹпјҡз”ЁжҲ·еҗҚпјҲusernameпјүе’ҢжүӢжңәеҸ·пјҲmobileпјүжңүе”ҜдёҖзҙўеј•пјҢдёҚиғҪйҮҚеӨҚ
-- е…ҲеҲ йҷӨеҸҜиғҪе·ІеӯҳеңЁзҡ„и®°еҪ•пјҲеҰӮйңҖйҮҚеӨҚжү§иЎҢпјү
DELETE FROM `sp_sys_user` WHERE `id` LIKE 'user_%';

INSERT INTO `sp_sys_user` (`id`, `name`, `username`, `password`, `dept_id`, `email`, `mobile`, `tel`, `sex`, `descr`, `is_deleted`, `create_time`, `create_username`, `update_time`, `update_username`)
VALUES
('user_101', 'е·Ҙиүәе‘ҳ1', 'user101',  'e10adc3949ba59abbe56e057f20f883e', 'dept_process', '', '13800000101', '', '1', 'е·ҘиүәйғЁ-е·Ҙиүәе‘ҳ', '0', NOW(), 'admin', NOW(), 'admin'),
('user_201', 'и®ЎеҲ’е‘ҳ1', 'user201',  'e10adc3949ba59abbe56e057f20f883e', 'dept_plan',   '', '13800000201', '', '1', 'и®ЎеҲ’йғЁ-и®ЎеҲ’е‘ҳ', '0', NOW(), 'admin', NOW(), 'admin'),
('user_301', 'з”ҹдә§дё»з®Ў1', 'user301', 'e10adc3949ba59abbe56e057f20f883e', 'dept_prod',   '', '13800000301', '', '1', 'з”ҹдә§йғЁ-з”ҹдә§дё»з®Ў', '0', NOW(), 'admin', NOW(), 'admin'),
('user_302', 'дҪңдёҡе‘ҳ1', 'user302',  'e10adc3949ba59abbe56e057f20f883e', 'dept_prod',   '', '13800000302', '', '1', 'з”ҹдә§йғЁ-з”ҹдә§дҪңдёҡе‘ҳ', '0', NOW(), 'admin', NOW(), 'admin'),
('user_401', 'еә“з®Ўе‘ҳ1', 'user401',  'e10adc3949ba59abbe56e057f20f883e', 'dept_purchase', '', '13800000401', '', '1', 'йҮҮиҙӯйғЁ-еә“жҲҝз®ЎзҗҶе‘ҳ', '0', NOW(), 'admin', NOW(), 'admin'),
('user_501', 'жЈҖйӘҢе‘ҳ1', 'user501',  'e10adc3949ba59abbe56e057f20f883e', 'dept_quality', '', '13800000501', '', '1', 'иҙЁйҮҸйғЁ-иҙЁйҮҸз®ЎзҗҶе‘ҳ', '0', NOW(), 'admin', NOW(), 'admin');

-- ----------------------------------------------------------------------------
-- з¬¬еӣӣйғЁеҲҶпјҡз”ЁжҲ·-и§’иүІе…іиҒ” (sp_sys_user_role)
-- ----------------------------------------------------------------------------
-- е…Ҳжё…йҷӨиҝҷдәӣз”ЁжҲ·еҸҜиғҪе·ІеӯҳеңЁзҡ„и§’иүІе…іиҒ”
DELETE FROM `sp_sys_user_role` WHERE `user_id` LIKE 'user_%';

INSERT INTO `sp_sys_user_role` (`id`, `user_id`, `role_id`, `create_time`, `create_username`, `update_time`, `update_username`)
VALUES
-- е·ҘиүәйғЁ-е·Ҙиүәе‘ҳ1пјҡж•°жҚ®е‘ҳ + е·Ҙиүәе‘ҳ
('ur_101_1', 'user_101', 'role_data_clerk',   NOW(), 'admin', NOW(), 'admin'),
('ur_101_2', 'user_101', 'role_process_eng',  NOW(), 'admin', NOW(), 'admin'),
-- и®ЎеҲ’йғЁ-и®ЎеҲ’е‘ҳ1пјҡз”ҹдә§и®ЎеҲ’е‘ҳ
('ur_201_1', 'user_201', 'role_prod_planner', NOW(), 'admin', NOW(), 'admin'),
-- з”ҹдә§йғЁ-з”ҹдә§дё»з®Ў1пјҡз”ҹдә§дё»з®Ў + и®ҫеӨҮз®ЎзҗҶе‘ҳ
('ur_301_1', 'user_301', 'role_prod_supervisor', NOW(), 'admin', NOW(), 'admin'),
('ur_301_2', 'user_301', 'role_equipment_mgr',   NOW(), 'admin', NOW(), 'admin'),
-- з”ҹдә§йғЁ-дҪңдёҡе‘ҳ1пјҡз”ҹдә§дҪңдёҡе‘ҳ
('ur_302_1', 'user_302', 'role_prod_operator', NOW(), 'admin', NOW(), 'admin'),
-- йҮҮиҙӯйғЁ-еә“з®Ўе‘ҳ1пјҡеә“жҲҝз®ЎзҗҶе‘ҳ
('ur_401_1', 'user_401', 'role_warehouse_mgr', NOW(), 'admin', NOW(), 'admin'),
-- иҙЁйҮҸйғЁ-жЈҖйӘҢе‘ҳ1пјҡиҙЁйҮҸз®ЎзҗҶе‘ҳ
('ur_501_1', 'user_501', 'role_quality_mgr',   NOW(), 'admin', NOW(), 'admin');

SET FOREIGN_KEY_CHECKS = 1;
